States,Period,1997,1998,1999,2000,2001,2002,2003,2004,2005,2006,2007,2008,2009,2010,2011,2012,2013,2014,2015,2016,2017,2018,2019,2020
Andaman and Nicobar,Jan,25.45,27.03,26.65,26.53,26.91,26.39,26.14,26.85,26.42,26.28,26.66,26.84,25.7,27.14,26.53,26.78,26.83,25.88,26.29,26.8,26.95,26.79,27.3,27.56
Andaman and Nicobar,Feb,25.96,27.14,26.5,25.93,26.53,26.83,26.9,26.39,27.23,27.25,26.59,26.57,26.8,27.51,26.87,27,27.73,26.46,26.75,26.86,26.83,26.61,27.48,27.14
Andaman and Nicobar,Mar,27.07,27.68,27.38,26.9,27.13,27.42,27.15,27.49,27.69,27.58,27.3,27.29,27.67,28.11,26.39,27.53,27.84,27.54,27.86,28.29,27.78,27.63,27.88,27.9
Andaman and Nicobar,Apr,27.52,28.86,27.27,27.3,28.95,28.38,28.33,29.07,28.85,27.94,28.64,27.73,28.24,29.65,27.94,28.48,28.73,28.98,28.39,29.74,28.31,28.18,29.39,28.96
Andaman and Nicobar,May,28.26,28.86,26.97,27.41,27.19,27.52,27.97,27.45,28.25,26.98,27.29,26.66,27.64,29.5,27.81,27.94,28.4,28.74,28.78,28.6,28.39,27.74,29.06,29.28
Andaman and Nicobar,Jun,27.7,27.79,26.73,26.94,27,27.29,27.51,27.25,27.14,26.85,27.58,26.8,26.95,28.2,27.45,27.54,27.16,27.79,27.87,27.55,27.55,26.99,27.61,27.68
Andaman and Nicobar,Jul,26.75,27.41,26.54,27,26.93,27.23,26.71,26.89,26.93,27.06,26.91,26.59,27.03,27.24,26.72,27.18,26.54,27.16,27.71,27.82,27.44,27.19,27.81,27.62
Andaman and Nicobar,Aug,26.96,27.29,26.63,26.97,26.9,26.66,27.26,27.01,27.19,26.83,27.09,26.98,27.61,27.03,26.91,27.34,27.39,27.25,27.36,26.78,27.4,26.83,26.6,27.72
Andaman and Nicobar,Sep,26.99,26.78,26.79,26.98,27.01,26.44,26.98,27.05,26.91,26.56,26.84,26.88,27.25,27.14,26.58,26.49,26.76,26.97,26.85,26.51,27.63,26.91,26.57,27.19
Andaman and Nicobar,Oct,27.37,26.96,26.34,27.05,26.95,27.27,27.09,27.11,27.15,27.16,26.75,27.45,27.51,27.12,26.95,27.22,27.22,27.37,27.59,27.49,27.62,27.02,28.05,26.95
Andaman and Nicobar,Nov,27.42,27.11,26.94,27.27,26.46,27.27,28.2,28.02,27.34,28.08,26.73,27.2,27.86,27.61,28.36,28.01,27.96,28.1,28.19,28.2,27.96,28,27.97,28.14
Andaman and Nicobar,Dec,27.77,27.09,25.4,27.49,27.01,27.47,26.88,26.91,26.68,27.06,27.35,26.78,27.88,27.49,27.3,28.13,26.26,27.03,28.08,27.63,27.15,27.89,27.36,27.44
Andaman and Nicobar,Annual,27.1,27.5,26.68,26.98,27.08,27.18,27.26,27.29,27.32,27.14,27.14,26.98,27.35,27.81,27.15,27.47,27.4,27.44,27.65,27.69,27.58,27.32,27.76,27.8
Andaman and Nicobar,Winter,25.71,27.09,26.58,26.23,26.72,26.61,26.52,26.62,26.83,26.77,26.63,26.71,26.25,27.33,26.7,26.89,27.28,26.17,26.52,26.83,26.89,26.7,27.39,27.35
Andaman and Nicobar,Summer,27.62,28.47,27.21,27.2,27.76,27.77,27.82,28,28.26,27.5,27.74,27.23,27.85,29.09,27.38,27.98,28.32,28.42,28.34,28.88,28.16,27.85,28.78,28.71
Andaman and Nicobar,Monsoon,27.1,27.32,26.67,26.97,26.96,26.91,27.12,27.05,27.04,26.83,27.11,26.81,27.21,27.4,26.92,27.14,26.96,27.29,27.45,27.17,27.51,26.98,27.15,27.55
Andaman and Nicobar,Post Monsoon,27.52,27.05,26.23,27.27,26.81,27.34,27.39,27.35,27.06,27.43,26.94,27.14,27.75,27.41,27.54,27.79,27.15,27.5,27.95,27.77,27.58,27.64,27.79,27.51
Andhra Pradesh,Jan,22.57,24.6,22.73,23.98,23.77,23.67,23.62,23.42,24.07,23.63,24.05,23.97,24.54,23.7,23.22,23.66,24.26,23.98,23.13,24.21,23.8,23.63,23.14,24.12
Andhra Pradesh,Feb,25.2,26.49,26.45,25.99,26.69,26.25,26.8,25.52,26.31,26.39,26.14,25.69,27.33,26.69,25.87,26.22,26.35,25.62,25.98,27.62,26.48,26.32,26.62,26.26
Andhra Pradesh,Mar,28.89,29.15,29.57,28.49,29.33,29.46,29.12,29.75,29.23,28.58,29.16,28.74,29.49,30.34,28.98,29.31,29.15,28.42,28.55,30.17,29.47,29.59,29.78,29.05
Andhra Pradesh,Apr,29.87,32.04,32.36,32.39,31.17,32.19,32.05,32.13,31.26,31.53,31.72,31.05,32.15,32.84,30.58,31.99,31.63,31.69,30.58,33.02,32.7,31.76,32.5,31.55
Andhra Pradesh,May,32.69,33.81,32.01,32.44,33.46,33.79,33.89,31.79,32.93,32.49,33.57,33.4,33.05,33.44,32.86,33.56,33.8,32.54,33.15,33.08,33.65,33.1,33.91,33.18
Andhra Pradesh,Jun,31.36,32.03,29.98,29.5,29.94,30.35,31.9,30.13,31.72,30.71,30.52,30.16,31.72,31.12,30.35,31.47,29.59,32.31,30.1,30.42,30.57,30.64,32.42,30.29
Andhra Pradesh,Jul,29,28.92,28.32,28,28.79,29.4,28.22,28.54,28.5,28.75,28.91,28.71,28.84,28.17,28.54,28.36,27.53,28.98,29.19,28.49,28.85,28.32,28.96,28.89
Andhra Pradesh,Aug,28.23,28.29,27.9,27.78,27.76,27.58,27.87,28,28.21,27.91,28.02,27.8,28.82,28.26,28.16,27.75,27.56,28.54,28.64,28.46,28.32,27.77,28.19,27.85
Andhra Pradesh,Sep,28.01,28.08,27.65,28.18,28.71,28.23,27.91,28.09,27.92,28.27,27.95,27.92,28.63,27.94,28.28,28.13,28.11,28.17,28.68,27.87,28.68,28.22,27.84,28.49
Andhra Pradesh,Oct,27.15,27.3,27.08,27.58,27.07,27.34,27.05,26.7,26.91,27.44,26.94,27.32,27.16,27.51,27.93,27.07,27.22,27.53,28.13,27.2,27.94,27.69,27.25,27.72
Andhra Pradesh,Nov,25.98,25.31,24.82,25.26,25.6,24.63,25.21,24.9,23.89,25.42,24.85,25.54,25.48,25.91,25.28,25.03,25,25.31,25.8,24.67,25.39,25.78,25.95,25.53
Andhra Pradesh,Dec,24.36,22.5,22.73,22.69,23.37,23.69,23.13,23.17,22.93,23.89,23.95,24.38,23.89,23.02,23.68,24.19,23.2,23.1,24.72,23.54,23.63,23.49,23.85,23.76
Andhra Pradesh,Annual,27.78,28.21,27.63,27.69,27.97,28.05,28.06,27.68,27.82,27.92,27.98,27.89,28.43,28.25,27.81,28.06,27.78,28.02,28.05,28.23,28.29,28.03,28.37,28.06
Andhra Pradesh,Winter,23.89,25.55,24.59,24.99,25.23,24.96,25.21,24.47,25.19,25.01,25.1,24.83,25.94,25.2,24.55,24.94,25.31,24.8,24.56,25.92,25.14,24.98,24.88,25.19
Andhra Pradesh,Summer,30.48,31.67,31.31,31.11,31.32,31.81,31.69,31.22,31.14,30.87,31.48,31.06,31.56,32.21,30.81,31.62,31.53,30.88,30.76,32.09,31.94,31.48,32.06,31.26
Andhra Pradesh,Monsoon,29.15,29.33,28.46,28.37,28.8,28.89,28.98,28.69,29.09,28.91,28.85,28.65,29.5,28.87,28.83,28.93,28.2,29.5,29.15,28.81,29.11,28.74,29.35,28.88
Andhra Pradesh,Post Monsoon,25.83,25.04,24.88,25.18,25.35,25.22,25.13,24.92,24.58,25.58,25.25,25.75,25.51,25.48,25.63,25.43,25.14,25.31,26.22,25.14,25.65,25.65,25.68,25.67
Arunachal Pradesh,Jan,10.28,10.96,11.78,11,11.75,11.18,11.35,11.28,12.07,13.05,11.99,12.57,12.76,12.12,10.89,10.7,10.98,11.99,11.72,10.77,12.68,12.13,11.95,11.06
Arunachal Pradesh,Feb,11.29,13.12,15.42,12.25,14.22,14.39,13.41,12.83,14.19,15.05,12.39,11.75,14.89,14.13,13.72,13.67,14.59,13.63,13.27,13.6,14.24,13.97,13.99,13.19
Arunachal Pradesh,Mar,16.11,14.87,17.41,14.98,16.08,16.37,15.7,17.73,16.19,16.91,16.82,15.99,16.69,17.7,16.23,16.3,17.24,16.56,17.31,16.69,15.36,16.2,15.65,16.74
Arunachal Pradesh,Apr,16.83,18.7,20.68,18.48,18.74,18.66,19.14,18.04,18.81,18.42,18.65,19.24,19.86,19.15,18.88,18.14,18.95,19.82,18.13,18.5,18.23,18.72,19.38,18.1
Arunachal Pradesh,May,20.98,22.31,21.17,21.06,20.43,20.69,20.67,21.39,20.77,21.09,22.11,21.67,22.23,21.8,21.75,22.53,20.93,21.62,21.39,20.96,21.26,20.96,21.79,20.71
Arunachal Pradesh,Jun,22.41,23.28,23.85,23.29,22.79,23.47,22.87,22.89,23.81,23.43,23.17,22.94,24.2,23.38,23.83,23.24,24.36,24.11,23.46,23.44,23.21,23.78,24.14,23.47
Arunachal Pradesh,Jul,23.43,23.41,23.23,23.65,24.02,23.62,23.63,22.68,24.29,24.65,23.89,23.89,24.77,24.44,23.94,23.83,24.02,24.42,23.76,23.39,24.05,24.39,23.6,23.88
Arunachal Pradesh,Aug,23.9,23.32,23.15,23.12,23.82,23.44,24.63,24.27,24.34,24.93,24.62,23.46,24.09,24.75,23.85,24.37,23.95,23.37,23.16,25.2,24.37,24.42,24.98,24.56
Arunachal Pradesh,Sep,21.56,22.98,23.01,22.14,23.19,22.84,23.29,22.68,23.85,23.22,22.8,23.48,23.94,23.22,23.91,22.49,22.51,23.06,23.42,23.07,23.61,23.31,22.96,23.32
Arunachal Pradesh,Oct,18.98,21.58,20.75,20.4,20.31,19.53,21.1,19.28,20.43,20.1,21.58,20.04,21.27,20.65,20.48,19.58,19.84,20.27,20.37,21.44,21.35,19.17,20.29,22.01
Arunachal Pradesh,Nov,15.56,17.13,16.36,15.9,16.16,16.28,16.07,15.19,15.81,15.91,16.24,15.63,16.61,16.93,15.24,15.67,15.48,16.47,16.47,16.69,16.76,15.35,17.48,16.88
Arunachal Pradesh,Dec,11.92,12.99,12.52,12.2,13.02,13.05,12.91,12.9,13.07,12.99,13.1,13.44,12.78,12.56,13.38,12.72,11.84,12.94,12.24,14.09,13.95,12.64,11.81,12.77
Arunachal Pradesh,Annual,17.77,18.72,19.11,18.21,18.71,18.63,18.73,18.43,18.97,19.15,18.95,18.68,19.51,19.24,18.84,18.6,18.73,19.02,18.73,18.99,19.09,18.76,19.01,18.89
Arunachal Pradesh,Winter,10.79,12.04,13.6,11.63,12.99,12.79,12.38,12.06,13.13,14.05,12.19,12.16,13.83,13.13,12.31,12.19,12.79,12.81,12.5,12.19,13.46,13.05,12.97,12.13
Arunachal Pradesh,Summer,17.97,18.63,19.75,18.17,18.42,18.57,18.5,19.05,18.59,18.81,19.19,18.97,19.59,19.55,18.95,18.99,19.04,19.33,18.94,18.72,18.28,18.63,18.94,18.52
Arunachal Pradesh,Monsoon,22.83,23.25,23.31,23.05,23.46,23.34,23.61,23.13,24.07,24.06,23.62,23.44,24.25,23.95,23.88,23.48,23.71,23.74,23.45,23.78,23.81,23.98,23.92,23.81
Arunachal Pradesh,Post Monsoon,15.49,17.23,16.54,16.17,16.5,16.29,16.69,15.79,16.44,16.33,16.97,16.37,16.89,16.71,16.37,15.99,15.72,16.56,16.36,17.41,17.35,15.72,16.53,17.22
Assam,Jan,15.53,16.02,16.74,15.72,17.45,16.37,16.31,16.06,16.9,17.96,17.43,17.27,18.17,17.03,16.17,14.9,15.7,17.09,17.1,15.44,17.33,16.39,16.9,15.7
Assam,Feb,16.84,18.75,20.47,17.34,19.83,19.59,18.3,18.36,19.41,20.75,17.69,17.37,20.17,19.19,18.73,18.26,18.96,18.33,18.28,19.21,19.29,18.91,18.55,18.47
Assam,Mar,21.93,20.61,23.27,20.79,21.98,22.36,21.37,23.97,22.42,22.92,22.61,22.24,22.61,23.83,22.42,22.27,22.79,21.98,22.46,22.33,20.77,21.98,21.47,22.07
Assam,Apr,22.19,24.01,25.96,23.74,24.1,23.84,24.34,23.52,24.19,23.69,24.28,24.92,25.43,25.15,24.18,23.15,23.94,25.13,23.05,24.13,23.39,23.5,24.13,23.29
Assam,May,25.28,26.45,25.6,25.29,25.13,25.08,25.03,26.06,24.9,25.73,26.53,26.05,26.14,26.18,25.96,26.25,24.96,25.88,25.55,24.96,25.83,24.83,25.83,25
Assam,Jun,26.37,27.23,27.4,26.89,26.71,27,26.55,26.72,27.44,27.11,26.97,26.63,27.78,27.3,27.35,26.87,27.83,27.41,26.94,27.27,27.04,27.36,27.67,27.01
Assam,Jul,27.16,27.05,26.95,27.3,27.6,27.07,27.24,26.43,27.73,28.18,27.49,27.42,28.25,28,27.46,27.34,27.57,28.05,27.55,27.08,27.62,27.83,27.4,27.5
Assam,Aug,27.55,27.27,26.99,27.04,27.65,27.27,28.29,27.95,27.96,28.32,28.21,27.28,27.91,28.28,27.45,28.02,27.28,27.14,27.16,28.41,27.86,28.15,28.51,28.26
Assam,Sep,26.02,27.27,26.82,26.18,27.3,26.85,27.47,27.04,27.62,27.28,27.04,27.46,27.77,27.37,27.69,26.64,26.7,26.88,27.27,27.2,27.21,27.39,27.04,27.24
Assam,Oct,23.88,26.85,25.39,25.15,25.32,24.68,26,24.28,25.25,25.18,26.46,24.85,26.08,25.87,25.46,24.27,24.68,25.07,25.21,26.01,25.62,24.27,24.93,26.57
Assam,Nov,21.11,22.6,21.74,21.38,21.72,21.74,21.68,20.66,21.33,21.4,21.71,21.15,22.21,22.7,20.9,20.81,20.38,21.34,21.32,21.64,22.05,20.72,22.29,21.66
Assam,Dec,16.67,17.87,17.87,17.32,17.96,18.05,17.38,18.17,18.03,18.55,18.25,18.8,18,17.74,18.63,17.83,16.82,17.88,17.05,19.34,18.81,17.25,16.56,17.17
Assam,Annual,22.54,23.5,23.77,22.85,23.56,23.33,23.33,23.27,23.6,23.92,23.72,23.45,24.21,24.05,23.53,23.05,23.14,23.52,23.25,23.58,23.57,23.21,23.44,23.33
Assam,Winter,16.19,17.39,18.61,16.53,18.64,17.98,17.31,17.21,18.16,19.36,17.56,17.32,19.17,18.11,17.45,16.58,17.33,17.71,17.69,17.33,18.31,17.65,17.73,17.09
Assam,Summer,23.13,23.69,24.94,23.27,23.74,23.76,23.58,24.52,23.84,24.11,24.47,24.4,24.73,25.05,24.19,23.89,23.9,24.33,23.69,23.81,23.33,23.44,23.81,23.45
Assam,Monsoon,26.78,27.21,27.04,26.85,27.32,27.05,27.39,27.04,27.69,27.72,27.43,27.2,27.93,27.74,27.49,27.22,27.35,27.37,27.23,27.49,27.43,27.68,27.66,27.5
Assam,Post Monsoon,20.55,22.44,21.67,21.28,21.67,21.49,21.69,21.04,21.54,21.71,22.14,21.6,22.1,22.1,21.66,20.97,20.63,21.43,21.19,22.33,22.16,20.75,21.26,21.8
Bihar,Jan,15.88,16.31,16.64,16.7,17.64,16.68,16.54,16.04,17.33,18.41,17.57,17.67,18.68,16.31,16.52,15.34,16.26,16.69,16.71,16.01,17.04,15.92,16.65,15.3
Bihar,Feb,18.23,19.74,20.56,18.13,20.37,20,19.16,19.42,20.19,22.05,18.85,18.48,20.99,19.88,19.5,19.28,18.7,18.32,18.89,20.39,19.5,19.82,18.74,18.77
Bihar,Mar,24.43,23.24,25.67,23.59,24.11,25.13,23.81,26.65,25.51,24.72,24.67,25.4,25.15,26.53,25.14,24.81,24.57,23.8,23.68,25.18,23.3,24.48,23.37,23.53
Bihar,Apr,27.07,28.78,30.76,29.15,28.78,29.36,29.89,29.72,29.08,28.78,30.05,29.64,30.69,31.22,28.83,28.94,28.94,29.69,27.73,29.61,28.76,28.02,28.78,28.01
Bihar,May,30.34,31.8,31.32,30.77,30.71,31.17,30.71,31.95,30.52,31.24,31.67,31.14,31.03,31.61,31.14,31.68,31.29,31.29,31.34,30.61,31.07,30.14,31.39,30.16
Bihar,Jun,31.22,32.28,30.94,30.55,30.05,31.33,31.53,30.5,32.13,30.99,30.85,29.93,31.92,31.82,30.58,32.53,30.95,31.4,31.31,31.39,31.26,31.17,32.02,30.75
Bihar,Jul,29.16,29.35,28.91,29.46,29.04,30.03,29.47,29.04,29.24,29.42,29.28,28.58,30.05,30.3,29.42,29.31,29.65,29.5,29.17,29.1,29.19,29.48,29.77,29.7
Bihar,Aug,29.01,29.2,28.73,29.21,29.4,29.06,29.71,29.32,29.63,29.23,29.64,29.07,29.68,29.81,29.02,29.35,28.88,29.18,29.17,29.52,29.41,29.38,29.45,29.49
Bihar,Sep,28.18,29.15,28.42,28.04,29.29,28.44,29.03,29.39,28.97,29.04,29.29,28.94,29.17,29.31,28.91,28.77,28.94,28.57,29.05,28.91,29.18,28.95,28.64,29.14
Bihar,Oct,25.42,28.57,27.09,27.49,27.74,26.83,27.58,26.45,26.92,27.46,27.99,26.89,27.5,27.86,27.04,26.11,26.57,26.51,26.98,27.45,27.05,26.22,26.41,27.92
Bihar,Nov,22.32,23.83,23,23.26,23.3,22.77,23.22,21.98,22.41,23,22.95,23.06,23.5,24.28,22.69,21.66,21.31,21.89,22.32,22.32,22.61,21.7,22.81,22.01
Bihar,Dec,16.89,18.11,18.55,18.15,18.26,18.62,17.64,19.08,17.92,19.15,18.54,19.27,18.61,17.88,18.74,18,17.56,17.21,17.25,19.17,18.45,17.07,16.4,17.39
Bihar,Annual,24.85,25.86,25.88,25.38,25.73,25.79,25.69,25.79,25.82,26.12,25.95,25.67,26.41,26.4,25.63,25.48,25.3,25.34,25.3,25.81,25.57,25.2,25.37,25.18
Bihar,Winter,17.06,18.03,18.6,17.42,19.01,18.34,17.85,17.73,18.76,20.23,18.21,18.08,19.84,18.1,18.01,17.31,17.48,17.51,17.8,18.2,18.27,17.87,17.7,17.04
Bihar,Summer,27.28,27.94,29.25,27.84,27.87,28.55,28.14,29.44,28.37,28.25,28.8,28.73,28.96,29.79,28.37,28.48,28.27,28.26,27.58,28.47,27.71,27.55,27.85,27.23
Bihar,Monsoon,29.39,30,29.25,29.32,29.45,29.72,29.94,29.56,29.99,29.67,29.77,29.13,30.21,30.31,29.48,29.99,29.61,29.66,29.68,29.73,29.76,29.75,29.97,29.77
Bihar,Post Monsoon,21.54,23.5,22.88,22.97,23.1,22.74,22.81,22.5,22.42,23.2,23.16,23.07,23.2,23.34,22.82,21.92,21.81,21.87,22.18,22.98,22.7,21.66,21.87,22.44
Chandigarh,Jan,12.1,12.2,12.5,13.3,12.7,13,12.7,13.3,12.2,13.9,13.6,12.5,14.4,12.8,11.8,11.8,11.9,12.8,12.7,14,13.4,14.6,12.6,12
Chandigarh,Feb,14.9,15.5,16.7,13.7,16.7,15.3,15.3,16.4,14.7,19.2,16.1,14.4,17.1,16.5,15.9,14.9,14.6,14.6,16.8,17.4,17.6,17.7,14.6,16.1
Chandigarh,Mar,20.2,19,21.5,19.7,21,21.2,20.2,23.7,21.2,20.8,20.2,23.2,21.9,24,21.1,21.1,21.6,19.8,19.7,22.2,21.9,23.2,19.8,19.9
Chandigarh,Apr,25,26.6,27.8,28.3,26.7,27.9,27.3,28.6,26.1,25.8,29.1,26.1,27.2,29.9,26,26.5,26.7,25.9,26.6,28.2,28.6,28.1,28.1,26.4
Chandigarh,May,28.2,31.3,30.9,32.5,31.8,32,29.7,31.1,29.1,32.5,31,30.2,31.4,31.8,32.2,31.2,31.7,30,31.4,32,31.6,31.4,30.3,30.5
Chandigarh,Jun,30.3,32.1,31.4,31.7,31.2,32.3,32.7,30.9,32.6,31.2,32.2,31.6,32,31.6,31.8,33.2,32.1,33.1,31.1,33.1,31.1,32.4,32.3,31.8
Chandigarh,Jul,30.2,30.1,29.8,29.3,29.7,30.6,29.2,30.3,29.4,30.3,30.1,30,30.2,29.9,29.9,31.1,30.3,30.5,29.1,30.1,30.1,29.9,30,30.4
Chandigarh,Aug,28,29,28.8,28.8,29.3,29.2,28.6,28.5,29.5,28.8,29.4,28.1,29.8,28.6,28.7,28.7,28.6,29.4,28.9,28.8,29.4,29.4,29,29.6
Chandigarh,Sep,28,28.1,29,28.2,28.1,26.7,27.9,28.7,28.5,27.9,28.5,27.4,27.8,27.7,28,28,28.5,27.9,28.4,29,28.7,28,29.3,29.2
Chandigarh,Oct,22.1,24.7,25.4,25.9,25.8,25.1,24.5,23.5,24.8,25.4,24.7,25.6,25,25.7,25.2,24.1,26.1,25.2,25.6,26.3,26.4,25,24.9,25.7
Chandigarh,Nov,17.5,18.4,20.2,19.9,19.7,19.7,18.3,19.3,19.1,19.8,19.5,19.7,18.8,20,20.7,19,18.9,19.6,20,20.2,18.9,19.2,19.4,18.3
Chandigarh,Dec,12.7,14,15.1,15.4,15.4,15.5,14.3,15.6,13.6,14.7,14.1,15.8,15.2,14,15.2,14.8,15,13.9,15,16.6,15.7,14.1,12.4,14.6
Chandigarh,Annual,22.43,23.42,24.09,23.89,24.01,24.04,23.39,24.16,23.4,24.19,24.04,23.72,24.23,24.38,23.88,23.7,23.83,23.56,23.78,24.83,24.45,24.42,23.56,23.71
Chandigarh,Winter,13.5,13.85,14.6,13.5,14.7,14.15,14,14.85,13.45,16.55,14.85,13.45,15.75,14.65,13.85,13.35,13.25,13.7,14.75,15.7,15.5,16.15,13.6,14.05
Chandigarh,Summer,24.47,25.63,26.73,26.83,26.5,27.03,25.73,27.8,25.47,26.37,26.77,26.5,26.83,28.57,26.43,26.27,26.67,25.23,25.9,27.47,27.37,27.57,26.07,25.6
Chandigarh,Monsoon,29.13,29.83,29.75,29.5,29.58,29.7,29.6,29.6,30,29.55,30.05,29.28,29.95,29.45,29.6,30.25,29.88,30.23,29.38,30.25,29.83,29.93,30.15,30.25
Chandigarh,Post Monsoon,17.43,19.03,20.23,20.4,20.3,20.1,19.03,19.47,19.17,19.97,19.43,20.37,19.67,19.9,20.37,19.3,20,19.57,20.2,21.03,20.33,19.43,18.9,19.53
Chhattisgarh,Jan,18.46,19.68,18.67,20.13,19.63,19.74,19.5,19.03,20.05,20.04,19.89,20.09,21.21,18.81,18.84,19.23,19.56,19.65,18.69,20.12,19.67,19.3,18.94,19.06
Chhattisgarh,Feb,21.23,22.48,22.97,21.93,23.05,22.96,23.04,22,22.95,23.81,22.58,21.51,24.33,23.11,22.72,22.63,22.41,21.59,22.52,24.1,22.95,23.13,22.5,21.89
Chhattisgarh,Mar,26.79,25.92,27.44,26.26,27.11,27.48,26.54,28.1,27.34,26.08,26.67,27.34,27.49,28.42,27.14,26.84,26.74,25.79,25.78,27.89,26.82,27.45,26.84,26.08
Chhattisgarh,Apr,28.71,30.81,32.12,31.99,30.25,31.59,31.67,31.73,30.62,30.68,31.45,30.61,31.73,32.67,29.93,31.11,30.55,30.65,29.47,32.23,31.67,30.57,31.44,30.34
Chhattisgarh,May,32.51,34.07,32.86,32.65,33.63,34.32,33.97,32.99,33.16,32.84,33.67,33.39,33.58,34.01,33.28,33.95,34.21,32.65,33.74,33.36,33.92,33.4,34.12,32.92
Chhattisgarh,Jun,31.51,32.36,30.25,29.55,29.34,30.89,32.31,30.12,32.63,30.92,30.67,29.4,32.52,31.75,30.12,32.34,29.43,32.29,30.52,31.22,30.92,30.75,32.85,29.91
Chhattisgarh,Jul,27.38,27.54,27.27,27.02,26.95,28.56,27.13,27.53,26.99,26.86,27.4,26.68,27.43,27.67,27.35,26.92,26.55,27.65,27.53,27.06,27.08,26.83,27.69,28
Chhattisgarh,Aug,26.92,27.26,26.58,27.08,26.83,26.34,26.74,26.46,27,26.45,27.01,26.66,27.56,27.39,26.97,26.47,26.33,27.41,27.25,26.96,27.18,26.55,26.78,26.69
Chhattisgarh,Sep,26.83,27.3,26.44,26.97,27.94,26.99,26.54,27.56,27.01,27.31,27.35,26.99,27.63,27.28,27.12,27.07,27.48,26.95,27.61,27.07,27.77,26.86,26.63,27.87
Chhattisgarh,Oct,25.34,26.44,25.92,26.79,26.33,26.1,25.61,25.5,25.68,26.52,25.67,26.13,25.72,26.44,26.43,25.62,25.49,25.98,26.72,25.58,26.5,26.12,25.48,26.61
Chhattisgarh,Nov,23.35,23.22,22.75,23.21,23.45,22.45,23.06,22.61,21.81,23.07,22.8,23.33,23.16,24.16,23.06,22.11,21.84,22.82,23.54,22.05,22.62,22.96,23.14,22.68
Chhattisgarh,Dec,19.86,19.01,19.25,19.33,20.01,20.57,19.74,19.98,19.25,20.52,20.26,21.1,20.32,19.38,19.79,20.14,19.35,18.79,20.6,19.81,19.72,18.96,19.02,19.74
Chhattisgarh,Annual,25.74,26.34,26.04,26.08,26.21,26.5,26.32,26.13,26.21,26.26,26.28,26.1,26.89,26.76,26.06,26.21,25.83,26.02,26.16,26.46,26.4,26.07,26.29,25.98
Chhattisgarh,Winter,19.85,21.08,20.82,21.03,21.34,21.35,21.27,20.52,21.5,21.93,21.24,20.8,22.77,20.96,20.78,20.93,20.99,20.62,20.61,22.11,21.31,21.22,20.72,20.48
Chhattisgarh,Summer,29.34,30.27,30.81,30.3,30.33,31.13,30.73,30.94,30.37,29.87,30.6,30.45,30.93,31.7,30.12,30.63,30.5,29.7,29.66,31.16,30.8,30.47,30.8,29.78
Chhattisgarh,Monsoon,28.16,28.62,27.64,27.66,27.77,28.2,28.18,27.92,28.41,27.89,28.11,27.43,28.79,28.52,27.89,28.2,27.45,28.58,28.23,28.08,28.24,27.75,28.49,28.12
Chhattisgarh,Post Monsoon,22.85,22.89,22.64,23.11,23.26,23.04,22.8,22.7,22.25,23.37,22.91,23.52,23.07,23.33,23.09,22.62,22.23,22.53,23.62,22.48,22.95,22.68,22.55,23.01
Dadra and Nagar Haveli,Jan,21.28,22.38,21.58,22.69,22.28,21.78,22.98,22.08,21.58,22.28,22.78,21.58,23.78,22.79,21.48,21.28,21.78,21.78,21.48,22.88,22.48,22.68,21.78,21.68
Dadra and Nagar Haveli,Feb,22.47,23.27,24.47,22.57,23.57,24.17,24.37,23.57,23.07,25.17,24.37,21.57,24.97,24.17,23.57,22.97,23.97,22.97,24.17,24.57,24.58,24.57,23.47,24.18
Dadra and Nagar Haveli,Mar,27.03,26.43,27.13,26.14,26.53,27.34,26.93,28.23,26.43,26.33,27.03,27.03,27.83,28.13,27.13,26.03,27.03,26.33,26.34,28.03,26.94,27.63,26.53,26.23
Dadra and Nagar Haveli,Apr,27.8,29.99,29.58,29.99,29.1,29.99,29.69,29.89,29.2,29.09,29.89,28.89,29.99,30.49,28.79,29.69,28.99,29.09,29.29,29.79,29.99,29.89,29.99,29.49
Dadra and Nagar Haveli,May,29.79,31.69,29.99,29.59,30.49,31.29,30.5,30.39,30.39,30.69,30.69,30.19,30.8,31.49,30.39,30.39,30.99,30.39,31.29,31.4,31.29,31.49,30.79,31.39
Dadra and Nagar Haveli,Jun,28.34,30.14,28.34,28.84,28.24,29.04,29.14,28.85,29.64,28.94,29.45,28.34,29.94,29.74,28.64,29.44,27.85,30.54,28.94,29.74,29.25,29.34,30.03,28.15
Dadra and Nagar Haveli,Jul,27.18,27.48,26.88,26.38,26.28,27.48,26.89,27.48,27.08,26.78,27.29,26.88,26.98,27.08,26.68,27.38,25.78,27.48,27.68,26.78,26.68,26.48,27.68,27.68
Dadra and Nagar Haveli,Aug,26.59,27.29,26.59,26.79,26.59,25.89,26.51,25.89,26.39,25.79,26.69,26.09,27.39,26.78,26.39,26.49,26.09,26.99,27.19,26.49,26.79,26.39,26.59,26.51
Dadra and Nagar Haveli,Sep,26.98,26.99,26.69,27.18,27.78,26.68,26.38,27.38,26.68,27.18,27.18,26.78,27.68,26.88,26.68,26.88,27.28,26.88,27.78,26.98,27.48,26.68,26.48,27.98
Dadra and Nagar Haveli,Oct,27.61,28.21,27.41,28.51,27.82,28.42,27.42,27.31,27.31,28.02,27.41,27.81,27.41,28.31,28.21,28.01,27.81,28.31,29.11,26.91,28.41,28.71,27.71,28.61
Dadra and Nagar Haveli,Nov,26.65,25.55,25.45,26.15,25.95,25.76,26.45,26.45,24.95,26.25,25.76,25.95,25.75,26.55,26.66,25.25,25.55,26.75,27.15,24.65,25.45,26.75,26.45,25.85
Dadra and Nagar Haveli,Dec,22.92,23.15,22.95,23.35,24.03,23.73,23.23,23.93,22.43,24.03,23.63,24.82,24.23,22.52,23.83,24.13,23.02,22.93,23.73,24.03,23.33,23.03,23.93,23.83
Dadra and Nagar Haveli,Annual,26.22,26.88,26.42,26.51,26.55,26.8,26.7,26.79,26.26,26.71,26.85,26.33,27.23,27.08,26.54,26.5,26.35,26.7,27.01,26.85,26.89,26.97,26.79,26.8
Dadra and Nagar Haveli,Winter,21.88,22.83,23.03,22.63,22.93,22.98,23.68,22.83,22.33,23.73,23.58,21.58,24.38,23.48,22.53,22.13,22.88,22.38,22.83,23.73,23.53,23.63,22.63,22.93
Dadra and Nagar Haveli,Summer,28.21,29.37,28.9,28.57,28.71,29.54,29.04,29.5,28.67,28.7,29.2,28.7,29.54,30.04,28.77,28.7,29,28.6,28.97,29.74,29.41,29.67,29.1,29.04
Dadra and Nagar Haveli,Monsoon,27.27,27.98,27.13,27.3,27.22,27.27,27.23,27.4,27.45,27.17,27.65,27.02,28,27.62,27.1,27.55,26.75,27.97,27.9,27.5,27.55,27.22,27.7,27.58
Dadra and Nagar Haveli,Post Monsoon,25.73,25.64,25.27,26,25.93,25.97,25.7,25.9,24.9,26.1,25.6,26.19,25.8,25.79,26.23,25.8,25.46,26,26.66,25.2,25.73,26.16,26.03,26.1
Daman and Diu,Jan,21.24,22.15,21.64,22.55,22.05,21.84,22.94,22.04,21.45,22.05,22.74,21.35,23.65,22.84,21.44,21.15,21.74,21.45,21.54,22.75,22.25,22.74,21.84,21.35
Daman and Diu,Feb,22.44,22.76,23.76,22.25,23.06,23.27,24.05,23.25,22.36,25.14,24.15,21.15,24.65,23.85,23.25,22.46,23.55,22.55,23.95,24.25,24.35,24.35,22.96,23.95
Daman and Diu,Mar,25.87,25.46,26.26,25.36,25.76,26.56,26.06,27.46,25.56,25.46,25.97,26.16,26.86,27.36,26.26,25.06,26.06,25.46,25.56,27.26,26.06,26.86,25.56,25.36
Daman and Diu,Apr,26.18,28.38,27.97,28.47,27.77,28.47,28.37,28.47,27.77,27.28,28.47,27.57,28.57,28.97,27.47,28.08,27.57,27.57,28.06,28.18,28.47,28.47,28.47,28.26
Daman and Diu,May,28.56,30.37,28.86,28.75,29.26,30.16,29.36,29.55,29.16,29.46,29.56,29.06,29.76,30.36,29.26,29.16,29.76,29.26,30.06,30.17,30.06,30.36,29.56,30.07
Daman and Diu,Jun,28.82,30.52,28.91,29.41,28.91,29.61,29.62,29.51,29.83,29.42,30.02,29.01,30.42,30.12,29.21,29.82,28.71,30.82,29.51,30.31,29.91,29.91,30.42,29.39
Daman and Diu,Jul,28.5,28.51,28.1,27.7,27.31,28.41,28.3,28.7,28.2,27.9,28.7,28,28.2,28.4,27.9,28.6,27.19,28.8,28.8,28.1,27.71,27.7,29,28.9
Daman and Diu,Aug,27.71,28.12,27.51,27.62,27.51,26.91,27.61,26.91,27.41,26.62,27.71,27.11,28.41,27.81,27.41,27.51,27.21,28.11,28.11,27.51,27.91,27.31,27.71,27.9
Daman and Diu,Sep,27.72,28.01,27.52,27.92,28.23,27.42,27.21,28.12,27.51,27.92,28.11,27.71,28.61,27.62,27.42,27.52,28.11,27.62,28.61,27.72,28.22,27.51,27.6,28.91
Daman and Diu,Oct,27.94,28.73,28.51,29.22,28.82,29.22,28.32,28.12,28.22,28.92,28.12,28.62,28.22,29.22,28.73,28.63,28.62,29.02,29.92,27.62,29.22,29.52,28.71,29.42
Daman and Diu,Nov,27.24,26.72,26.91,27.12,27.12,27.02,27.23,27.42,26.31,27.42,27.11,27.02,26.92,27.52,27.92,26.42,26.62,28.01,28.12,25.82,26.52,27.92,27.42,26.73
Daman and Diu,Dec,22.85,24.12,23.73,24.03,24.63,24.14,23.64,24.63,23.03,24.44,24.04,25.14,24.64,22.94,24.34,24.64,23.53,23.53,24.14,24.73,23.84,23.63,24.34,24.24
Daman and Diu,Annual,26.26,26.99,26.64,26.7,26.7,26.92,26.89,27.01,26.4,26.84,27.06,26.49,27.41,27.25,26.71,26.59,26.56,26.85,27.2,27.03,27.04,27.19,26.96,27.04
Daman and Diu,Winter,21.84,22.46,22.7,22.4,22.56,22.56,23.5,22.65,21.91,23.6,23.45,21.25,24.15,23.35,22.35,21.81,22.65,22,22.75,23.5,23.3,23.55,22.4,22.65
Daman and Diu,Summer,26.87,28.07,27.7,27.53,27.6,28.4,27.93,28.49,27.5,27.4,28,27.6,28.4,28.9,27.66,27.43,27.8,27.43,27.89,28.54,28.2,28.56,27.86,27.9
Daman and Diu,Monsoon,28.19,28.79,28.01,28.16,27.99,28.09,28.19,28.31,28.24,27.97,28.64,27.96,28.91,28.49,27.99,28.36,27.81,28.84,28.76,28.41,28.44,28.11,28.68,28.78
Daman and Diu,Post Monsoon,26.01,26.52,26.38,26.79,26.86,26.79,26.4,26.72,25.85,26.93,26.42,26.93,26.59,26.56,27,26.56,26.26,26.85,27.39,26.06,26.53,27.02,26.82,26.8
Delhi,Jan,13.81,13.67,13.87,14.98,13.98,14.42,14.31,14.69,13.57,15.63,14.99,14.17,15.82,14.06,13.3,13.26,13.3,14.16,13.85,15.53,15.09,16.01,14.14,13.31
Delhi,Feb,16.61,17.21,18.33,15.39,18.31,17.12,17.03,18.04,16.66,20.41,17.7,16.09,19.11,18.44,17.71,16.57,16.33,16.16,18.72,18.99,19.29,19.42,16.52,17.58
Delhi,Mar,22.69,21.05,23.61,21.84,22.98,23.53,22.51,25.72,23.44,22.63,22.33,25.18,24.29,25.82,23.36,22.98,23.56,22.04,21.86,24.52,24.03,25.07,21.94,21.84
Delhi,Apr,27.39,28.99,30.06,30.62,28.64,30.31,29.72,31.02,28.37,28.49,31.18,28.48,29.58,32.33,28.48,28.76,29,28.24,28.81,30.76,30.85,30.35,30.39,28.72
Delhi,May,30.21,33.26,32.68,33.76,33.14,34.04,31.97,32.96,31.3,33.8,32.83,31.74,33.59,34.21,33.75,33.26,33.74,31.83,33.43,33.88,33.38,33.66,32.44,32.54
Delhi,Jun,31.62,33.92,32.77,32.86,32.13,33.87,34.26,32.37,34.37,32.73,33.79,32.41,34.2,34.04,32.99,35.12,33.35,34.76,33.04,34.66,32.84,33.94,34.62,33.21
Delhi,Jul,31.13,31.09,30.8,30.34,30.39,32.24,30.19,31.74,30.51,30.97,31.32,31.01,31.61,31.34,31.05,32.31,31.13,31.81,30.47,31.22,30.94,31.13,31.36,31.76
Delhi,Aug,29.04,30.07,29.86,30.05,30.38,30.34,29.72,29.49,30.54,29.64,30.46,29.24,30.96,29.93,29.86,29.56,29.62,30.67,30.03,29.92,30.45,30.34,30.14,30.47
Delhi,Sep,28.97,29.3,30.03,29.5,29.75,28.36,28.99,30.19,29.58,29.19,29.91,29,29.35,28.87,29.21,29.37,29.72,29.29,30.09,30.21,30.09,29.12,30.14,30.71
Delhi,Oct,23.7,26.11,26.94,27.7,27.59,27.03,26.31,25.29,26.31,27.01,26.49,27.41,26.89,27.31,26.89,25.91,27.22,26.91,27.39,27.76,28.11,27.02,26.43,27.47
Delhi,Nov,19.25,20.63,22.04,21.75,21.64,21.63,20.48,21.14,21.03,21.51,21.64,21.8,20.92,21.7,22.63,20.62,20.55,21.61,22.09,21.99,20.8,21.05,21.6,20.18
Delhi,Dec,13.55,15.65,16.36,16.73,16.74,17.14,15.56,16.94,15.01,16.09,15.41,17.24,16.64,15.22,16.6,16.1,16.15,15.11,16.34,18.01,16.93,15.28,13.64,15.94
Delhi,Annual,24,25.08,25.61,25.46,25.47,25.84,25.09,25.8,25.06,25.68,25.67,25.32,26.08,26.1,25.49,25.32,25.31,25.21,25.51,26.45,26.07,26.03,25.28,25.31
Delhi,Winter,15.21,15.44,16.1,15.19,16.15,15.77,15.67,16.37,15.12,18.02,16.35,15.13,17.47,16.25,15.51,14.92,14.82,15.16,16.29,17.26,17.19,17.72,15.33,15.45
Delhi,Summer,26.76,27.77,28.78,28.74,28.25,29.29,28.07,29.9,27.7,28.31,28.78,28.47,29.15,30.79,28.53,28.33,28.77,27.37,28.03,29.72,29.42,29.69,28.26,27.7
Delhi,Monsoon,30.19,31.1,30.87,30.69,30.66,31.2,30.79,30.95,31.25,30.63,31.37,30.42,31.53,31.05,30.78,31.59,30.96,31.63,30.91,31.5,31.08,31.13,31.57,31.54
Delhi,Post Monsoon,18.83,20.8,21.78,22.06,21.99,21.93,20.78,21.12,20.78,21.54,21.18,22.15,21.48,21.41,22.04,20.88,21.31,21.21,21.94,22.59,21.95,21.12,20.56,21.2
Goa,Jan,24.22,25.94,24.42,25.52,25.42,25.08,25.58,25.11,25.23,25.2,25.7,25.21,25.92,25.83,24.88,24.94,25.63,25.45,24.8,25.7,25.46,25.38,24.81,25.65
Goa,Feb,24.95,26.21,26.49,25.52,26.31,26.36,26.72,25.88,25.83,26.44,26.22,25.26,26.85,26.68,25.86,26.06,26.48,25.68,26.04,27.1,26.68,26.4,26.39,26.66
Goa,Mar,27.79,27.96,28.29,27.09,27.74,28.27,28.09,28.74,27.56,27.44,28.24,27.47,28.33,28.94,27.99,27.82,28.17,27.53,27.66,29.03,28.28,28.39,28.26,27.85
Goa,Apr,27.87,30.06,29.43,29.65,29.2,29.95,29.48,29.7,28.95,29.12,29.55,28.75,29.89,30.38,28.75,29.83,29.48,29.55,28.95,30.33,30.3,29.73,30.15,29.73
Goa,May,29.26,30.59,28.32,28.41,29.56,30.1,30.05,28.55,29.47,29.22,29.86,29.56,29.7,30.14,29.42,29.84,30.29,29.46,29.91,30.02,30.3,29.93,30.19,30.29
Goa,Jun,27.39,28.24,26.23,26.37,26.89,27.04,27.82,26.76,27.84,27.04,27.28,26.79,27.86,27.63,26.79,27.68,26.31,28.67,27,27.02,27.19,27.14,28.44,26.91
Goa,Jul,26.44,26.53,25.62,25.43,26.04,26.8,26,26.08,26.1,26.23,26.42,26.28,26.24,25.75,25.8,26.28,25.03,26.35,26.74,25.79,26.47,25.81,26.42,26.32
Goa,Aug,26.08,26.43,26,25.75,25.82,25.63,26.01,25.94,26.07,25.98,26.01,25.79,26.7,26.11,26.01,25.91,25.71,26.39,26.71,26.48,26.31,25.81,26.15,26.01
Goa,Sep,26.36,26.21,25.91,26.46,26.86,26.44,26.15,26.25,25.98,26.61,26.13,26.07,26.76,26.23,26.36,26.37,26.26,26.58,26.96,25.97,26.79,26.54,26.04,26.69
Goa,Oct,27.41,26.91,26.97,27.45,26.85,27.71,27.26,26.72,26.74,27.51,27.16,27.29,26.92,27.43,27.95,27.38,27.41,27.76,28.47,27,27.76,28.07,27.31,27.53
Goa,Nov,27.83,26.7,26.55,27.03,27.23,26.78,27.37,27.11,25.78,27.47,26.59,27.13,27.1,27.68,27.3,26.89,27.05,27.38,27.83,26.22,27.1,27.83,27.8,27.38
Goa,Dec,26.25,25.3,25.32,25.27,26.01,26.02,25.58,25.74,25.29,26.18,26.23,26.71,26.4,25.4,26.18,26.68,25.65,25.8,26.91,26.3,26.01,26.15,26.74,26.34
Goa,Annual,26.82,27.26,26.63,26.66,26.99,27.18,27.18,26.88,26.74,27.03,27.11,26.86,27.39,27.35,26.94,27.14,26.96,27.22,27.33,27.25,27.39,27.27,27.39,27.28
Goa,Winter,24.59,26.08,25.46,25.52,25.87,25.72,26.15,25.5,25.53,25.82,25.96,25.24,26.39,26.26,25.37,25.5,26.06,25.57,25.42,26.4,26.07,25.89,25.6,26.16
Goa,Summer,28.31,29.54,28.68,28.38,28.83,29.44,29.21,29,28.66,28.59,29.22,28.59,29.31,29.82,28.72,29.16,29.31,28.85,28.84,29.79,29.63,29.35,29.53,29.29
Goa,Monsoon,26.57,26.85,25.94,26,26.4,26.48,26.5,26.26,26.5,26.47,26.46,26.23,26.89,26.43,26.24,26.56,25.83,27,26.85,26.32,26.69,26.33,26.76,26.48
Goa,Post Monsoon,27.16,26.3,26.28,26.58,26.7,26.84,26.74,26.52,25.94,27.05,26.66,27.04,26.81,26.84,27.14,26.98,26.7,26.98,27.74,26.51,26.96,27.35,27.28,27.08
Gujarat,Jan,19.47,20.22,19.74,20.72,20.08,20.04,21,20.27,19.39,20.24,20.81,19.31,21.79,20.98,19.5,19.22,19.76,19.46,19.73,21.1,20.4,20.99,20,19.3
Gujarat,Feb,21.82,22.12,23.12,21.45,22.54,22.49,23.17,22.78,21.64,24.59,23.53,20.41,24.09,23.26,22.61,21.48,22.7,21.84,23.42,23.5,23.73,23.86,22.06,23.18
Gujarat,Mar,26.78,26.4,27.14,26.39,26.83,27.58,27.05,28.73,26.75,26.44,26.77,27.54,28.09,28.8,27.33,26.16,27.14,26.41,26.49,28.26,27.25,28.11,26.44,26.2
Gujarat,Apr,28.87,31.17,30.89,31.43,30.4,31.31,31.18,31.5,30.26,30.1,31.49,30.29,31.19,32.16,30.18,30.66,30.27,30.32,30.91,31.06,31.47,31.46,31.42,30.96
Gujarat,May,31.43,33.56,32.18,32.08,32.52,33.37,32.49,32.79,32.21,32.89,32.84,32.12,33.25,33.78,32.57,32.42,32.92,32.25,33.35,33.62,33.32,33.77,32.69,33.35
Gujarat,Jun,30.58,32.45,31.01,31.66,30.83,31.91,31.81,31.66,32.11,31.43,32.11,31,32.43,32.31,31.62,31.96,30.97,32.98,31.59,32.6,31.95,32.14,32.74,31.45
Gujarat,Jul,29.55,29.48,29.2,28.67,28.14,29.52,28.97,29.85,29.22,29.01,29.61,29.13,29.44,29.5,29.11,29.81,28.38,29.94,29.65,29.28,28.66,28.87,30.23,30.15
Gujarat,Aug,28.22,29,28.07,28.39,28.09,27.91,28.19,27.6,28.04,27.3,28.42,27.69,29.21,28.48,28.14,28.13,27.8,28.72,28.69,28.03,28.58,28.09,28.37,28.56
Gujarat,Sep,28.37,28.98,28.73,28.72,29.03,28.37,28.03,29.08,28.44,28.69,29.03,28.57,29.48,28.37,28.08,28.29,28.94,28.4,29.3,28.66,29.04,28.26,28.61,29.66
Gujarat,Oct,27.74,28.9,28.71,29.52,29.14,29.49,28.47,28.14,28.36,29.09,28.3,29.06,28.59,29.42,28.81,28.68,28.83,29.28,29.93,28.04,29.52,29.62,28.8,29.51
Gujarat,Nov,25.51,25.2,25.6,25.69,25.67,25.6,25.66,26.01,25.03,25.77,25.84,25.65,25.37,25.84,26.64,24.87,25.04,26.47,26.58,24.58,25.07,26.4,25.94,25.04
Gujarat,Dec,20.47,21.89,21.64,22.03,22.52,22.13,21.48,22.56,20.74,22.08,21.67,23,22.58,20.59,22.15,22.31,21.29,21.24,21.82,22.63,21.69,21.31,21.67,21.92
Gujarat,Annual,26.57,27.45,27.17,27.23,27.15,27.48,27.29,27.58,26.85,27.3,27.54,26.98,27.96,27.79,27.23,27,27,27.28,27.62,27.61,27.56,27.74,27.41,27.44
Gujarat,Winter,20.65,21.17,21.43,21.09,21.31,21.27,22.09,21.53,20.52,22.42,22.17,19.86,22.94,22.12,21.06,20.35,21.23,20.65,21.58,22.3,22.07,22.43,21.03,21.24
Gujarat,Summer,29.03,30.38,30.07,29.97,29.92,30.75,30.24,31.01,29.74,29.81,30.37,29.98,30.84,31.58,30.03,29.75,30.11,29.66,30.25,30.98,30.68,31.11,30.18,30.17
Gujarat,Monsoon,29.18,29.98,29.25,29.36,29.02,29.43,29.25,29.55,29.45,29.11,29.79,29.1,30.14,29.67,29.24,29.55,29.02,30.01,29.81,29.64,29.56,29.34,29.99,29.96
Gujarat,Post Monsoon,24.57,25.33,25.32,25.75,25.78,25.74,25.2,25.57,24.71,25.65,25.27,25.9,25.51,25.28,25.87,25.29,25.05,25.66,26.11,25.08,25.43,25.78,25.47,25.49
Haryana,Jan,13.48,13.65,13.65,14.54,13.62,14.25,13.91,14.43,13.5,15.04,14.69,13.68,15.54,14.26,13.07,13.12,13.36,14.06,13.68,15.18,14.67,15.6,13.98,13.09
Haryana,Feb,16.33,16.86,18.02,15.31,18.04,16.78,16.73,17.79,16.08,20.35,17.38,15.77,18.72,18.14,17.35,16.11,16.5,16.05,18.43,18.62,18.94,19.09,16.08,17.56
Haryana,Mar,21.99,20.72,23.13,21.53,22.75,23.18,22.03,25.34,22.92,22.3,21.92,25.02,23.78,25.81,23.17,22.74,23.31,21.62,21.46,23.95,23.67,24.84,21.49,21.36
Haryana,Apr,26.83,28.51,29.6,30.31,28.42,29.91,29.28,30.56,27.86,27.52,30.8,27.95,29.01,31.86,27.92,28.17,28.54,27.79,28.47,30.13,30.53,29.97,29.84,28.2
Haryana,May,29.84,33.05,32.42,33.84,33.15,33.93,31.79,32.81,30.96,34.02,32.67,31.66,33.46,33.96,33.68,33.11,33.55,31.57,33.2,33.72,33.32,33.43,32.19,32.26
Haryana,Jun,31.47,33.77,32.83,32.94,32.13,33.91,34.22,32.37,34.33,32.64,33.6,32.61,33.94,33.59,33.14,34.96,33.34,34.8,32.88,34.54,32.67,33.82,34.44,33.29
Haryana,Jul,31.17,31.04,30.8,30.35,30.36,31.85,30.09,31.69,30.41,31.28,31.22,31.03,31.52,31.22,31.04,32.25,31.2,31.74,30.26,31.17,31.02,31.08,31.44,31.71
Haryana,Aug,28.94,30.06,29.87,29.97,30.17,30.48,29.56,29.49,30.46,29.63,30.44,29.13,30.88,29.69,29.77,29.58,29.51,30.57,29.89,29.75,30.41,30.32,30.09,30.55
Haryana,Sep,28.91,29.12,30.07,29.42,29.47,28.31,28.89,30.01,29.46,28.99,29.75,28.92,29.41,28.67,28.94,29.14,29.69,29.12,29.9,30.12,29.98,29.17,30.26,30.45
Haryana,Oct,23.4,26.07,26.85,27.45,27.33,26.81,26.07,24.99,26.14,26.8,26.22,27.3,26.62,27.19,26.57,25.7,27.13,26.69,27.09,27.63,27.89,26.82,26.22,27.14
Haryana,Nov,19,20.36,21.74,21.28,21.34,21.34,19.93,20.92,20.69,21.22,21.28,21.34,20.41,21.27,22.27,20.41,20.31,21.12,21.55,21.57,20.29,20.76,21.06,19.75
Haryana,Dec,13.52,15.46,16.24,16.56,16.61,16.79,15.46,16.73,14.75,15.79,15.13,16.97,16.43,15,16.28,15.83,15.96,14.94,16.09,17.68,16.68,15.2,13.6,15.69
Haryana,Annual,23.74,24.89,25.44,25.29,25.28,25.63,24.83,25.59,24.8,25.47,25.43,25.12,25.81,25.89,25.27,25.09,25.2,25.01,25.24,26.17,25.84,25.84,25.06,25.09
Haryana,Winter,14.91,15.26,15.84,14.93,15.83,15.52,15.32,16.11,14.79,17.7,16.04,14.73,17.13,16.2,15.21,14.62,14.93,15.06,16.06,16.9,16.81,17.35,15.03,15.33
Haryana,Summer,26.22,27.43,28.38,28.56,28.11,29.01,27.7,29.57,27.25,27.95,28.46,28.21,28.75,30.54,28.26,28.01,28.47,26.99,27.71,29.27,29.17,29.41,27.84,27.27
Haryana,Monsoon,30.12,31,30.89,30.67,30.53,31.14,30.69,30.89,31.17,30.64,31.25,30.42,31.44,30.79,30.72,31.48,30.94,31.56,30.73,31.4,31.02,31.1,31.56,31.5
Haryana,Post Monsoon,18.64,20.63,21.61,21.76,21.76,21.65,20.49,20.88,20.53,21.27,20.88,21.87,21.15,21.15,21.71,20.65,21.13,20.92,21.58,22.29,21.62,20.93,20.29,20.86
Himachal Pradesh,Jan,-0.55,-0.6,0.05,0.65,0.05,0.16,0.15,0.63,-0.55,0.88,0.88,-0.44,1.72,0.24,-1.01,-1.11,-0.97,0.18,0.15,1.26,0.62,1.79,-0.21,-0.62
Himachal Pradesh,Feb,1.07,1.6,2.92,-0.18,2.88,1.39,1.48,2.52,0.69,4.98,2.36,0.41,3.27,2.48,1.96,1.01,0.67,0.74,2.92,3.52,3.65,3.69,0.79,2.33
Himachal Pradesh,Mar,5.96,4.57,7.05,5.34,6.76,6.93,5.82,9.33,6.81,6.44,5.82,8.82,7.51,9.52,6.51,6.67,7.36,5.41,5.43,7.85,7.42,8.81,5.5,5.65
Himachal Pradesh,Apr,9.66,11.15,12.32,12.58,11.13,12.22,11.59,12.93,10.47,9.95,13.57,10.48,11.54,13.93,10.51,10.91,11.14,10.23,11.04,12.59,12.75,12.45,12.53,10.74
Himachal Pradesh,May,11.99,14.81,14.82,16.34,15.58,15.63,13.12,14.7,12.59,16.15,14.67,13.98,14.87,15.23,15.89,14.65,15.2,13.67,14.95,15.62,15.19,14.88,13.9,14.11
Himachal Pradesh,Jun,15.38,16.99,16.55,16.7,16.42,17.14,17.57,15.84,17.49,16.1,17.21,16.8,16.88,16.33,16.82,18.05,17.17,17.86,16.04,18.07,16.16,17.38,16.98,16.67
Himachal Pradesh,Jul,17.95,17.86,17.76,17.07,17.56,18.2,17.18,17.94,17.03,17.91,17.84,17.69,17.89,17.53,17.56,18.77,18.02,18.19,16.9,17.88,17.81,17.7,17.78,18.08
Himachal Pradesh,Aug,16.23,17.2,17.03,17.03,17.63,17.3,16.84,16.63,17.58,16.94,17.6,16.42,17.98,16.91,16.97,17.06,16.94,17.57,17.11,16.89,17.5,17.65,17.22,17.84
Himachal Pradesh,Sep,15.22,15.31,16.04,15.2,15.08,13.46,15,15.65,15.56,14.87,15.38,14.34,14.78,14.7,15.21,15.12,15.53,15.04,15.32,15.99,15.78,15.13,16.28,16.16
Himachal Pradesh,Oct,8.65,11.09,11.62,12.07,12.05,11.32,10.73,9.77,11.03,11.64,10.96,11.75,11.26,11.94,11.6,10.36,12.44,11.51,11.89,12.5,12.67,11.12,11.3,11.87
Himachal Pradesh,Nov,4.73,5.48,7.07,7,6.67,6.81,5.58,6.38,6.03,6.81,6.44,6.8,5.85,7.13,7.69,6.06,5.91,6.6,7.15,7.24,6.13,6.25,6.65,5.4
Himachal Pradesh,Dec,0.76,1.97,3.11,3.32,3.28,3.33,2.38,3.57,1.57,2.62,2.23,3.8,3.13,1.97,3.06,2.83,2.98,1.93,3.07,4.71,3.73,1.98,0.69,2.53
Himachal Pradesh,Annual,8.92,9.79,10.53,10.26,10.42,10.33,9.79,10.49,9.69,10.44,10.41,10.07,10.56,10.66,10.23,10.03,10.2,9.91,10.17,11.18,10.78,10.74,9.95,10.07
Himachal Pradesh,Winter,0.26,0.5,1.49,0.24,1.47,0.78,0.82,1.58,0.07,2.93,1.62,-0.02,2.5,1.36,0.48,-0.05,-0.15,0.46,1.54,2.39,2.14,2.74,0.29,0.86
Himachal Pradesh,Summer,9.2,10.18,11.4,11.42,11.16,11.59,10.18,12.32,9.96,10.85,11.35,11.09,11.31,12.89,10.97,10.74,11.23,9.77,10.47,12.02,11.79,12.05,10.64,10.17
Himachal Pradesh,Monsoon,16.2,16.84,16.85,16.5,16.67,16.53,16.65,16.52,16.92,16.46,17.01,16.31,16.88,16.37,16.64,17.25,16.92,17.17,16.34,17.21,16.81,16.97,17.07,17.19
Himachal Pradesh,Post Monsoon,4.71,6.18,7.27,7.46,7.33,7.15,6.23,6.57,6.21,7.02,6.54,7.45,6.75,7.01,7.45,6.42,7.11,6.68,7.37,8.15,7.51,6.45,6.21,6.6
India,Jan,16.96,17.78,17.25,18.11,17.9,17.77,17.86,17.66,17.77,18.29,18.3,17.84,19.21,17.82,17.14,17.04,17.5,17.81,17.36,18.29,18.06,18.08,17.49,17.25
India,Feb,19.25,20.28,20.98,19.28,20.88,20.47,20.54,20.27,20.19,22,20.45,19.12,21.78,20.95,20.38,19.88,20.16,19.49,20.62,21.54,21.05,21.14,20.03,20.33
India,Mar,24.32,23.59,25.07,23.73,24.57,25.02,24.2,26.16,24.81,24.14,24.35,25.25,25.3,26.41,24.81,24.48,24.74,23.75,23.75,25.58,24.6,25.42,24.14,23.85
India,Apr,26.53,28.49,29.2,29.18,27.98,28.98,28.86,29.18,27.91,27.9,29.19,28.01,29,30.17,27.69,28.31,28.16,28.17,27.57,29.37,29.14,28.58,29.06,28.04
India,May,29.32,31.12,29.95,30.16,30.56,31.11,30.4,30.19,29.83,30.56,30.69,30.22,30.8,31.23,30.63,30.78,30.95,29.92,30.79,30.76,30.97,30.65,30.75,30.37
India,Jun,29.1,30.43,28.96,28.79,28.48,29.6,30.23,28.92,30.51,29.28,29.51,28.63,30.38,30.01,29.17,30.42,28.79,30.68,29.21,30.01,29.39,29.63,30.77,29.04
India,Jul,27.58,27.63,27.23,27.04,27.06,28.18,27.19,27.68,27.26,27.44,27.59,27.24,27.79,27.68,27.45,27.72,26.98,27.96,27.54,27.37,27.37,27.29,27.93,28.01
India,Aug,26.65,27.11,26.63,26.86,26.83,26.63,26.82,26.57,27.04,26.57,27.07,26.49,27.58,27.11,26.82,26.66,26.43,27.23,27.1,26.95,27.15,26.85,26.95,27.02
India,Sep,26.38,26.79,26.59,26.56,27.16,26.37,26.4,27.05,26.69,26.78,26.9,26.55,27.14,26.61,26.61,26.59,26.9,26.59,27.18,26.86,27.17,26.58,26.72,27.38
India,Oct,24.24,25.69,25.35,25.96,25.71,25.58,25.22,24.62,25.05,25.72,25.24,25.61,25.38,25.92,25.7,24.97,25.37,25.53,26.06,25.49,26.09,25.55,25.1,26.03
India,Nov,21.81,22.02,22.08,22.24,22.35,21.93,22,21.86,21.26,22.2,22.04,22.27,22.04,22.83,22.46,21.4,21.29,22.09,22.54,21.6,21.78,22.07,22.37,21.61
India,Dec,17.97,18.26,18.51,18.59,19.02,19.26,18.48,19.08,18.03,19.13,18.77,19.82,19.25,18.13,18.96,19,18.38,18.01,19,19.45,18.96,18.13,17.9,18.61
India,Annual,24.18,24.93,24.82,24.71,24.88,25.08,24.85,24.94,24.7,25,25.01,24.76,25.47,25.41,24.82,24.77,24.64,24.77,24.89,25.27,25.15,25,24.94,24.8
India,Winter,18.11,19.03,19.12,18.7,19.39,19.12,19.2,18.97,18.98,20.15,19.38,18.48,20.5,19.39,18.76,18.46,18.83,18.65,18.99,19.92,19.56,19.61,18.76,18.79
India,Summer,26.72,27.73,28.07,27.69,27.7,28.37,27.82,28.51,27.52,27.53,28.08,27.83,28.37,29.27,27.71,27.86,27.95,27.28,27.37,28.57,28.24,28.22,27.98,27.42
India,Monsoon,27.43,27.99,27.35,27.31,27.38,27.7,27.66,27.56,27.88,27.52,27.77,27.23,28.22,27.85,27.51,27.85,27.28,28.12,27.76,27.8,27.77,27.59,28.09,27.86
India,Post Monsoon,21.34,21.99,21.98,22.26,22.36,22.26,21.9,21.85,21.45,22.35,22.02,22.57,22.22,22.29,22.37,21.79,21.68,21.88,22.53,22.18,22.28,21.92,21.79,22.08
Jharkhand,Jan,16.55,16.76,17.11,17.33,17.89,17.36,17.05,16.68,17.85,18.41,17.87,18.05,19.19,16.73,16.93,16.09,16.77,17.25,17.27,16.59,17.44,16.02,17.19,15.92
Jharkhand,Feb,18.87,20.47,21.14,19.07,20.92,20.73,20.3,20.05,20.96,22.41,19.86,19.16,21.86,20.78,20.33,19.84,19.53,19.05,19.59,21.13,20.05,20.4,19.56,19.39
Jharkhand,Mar,25.04,23.8,26.02,24.27,25,25.77,24.51,26.85,26,25.15,25.09,25.87,25.77,26.99,25.66,25.33,25,24.23,24.12,25.66,23.9,25.03,24.06,24.01
Jharkhand,Apr,27.51,29.18,31.18,29.58,29.35,29.89,30.42,30.1,29.53,29.31,30.45,30.02,31.02,31.58,29.16,29.25,29.25,30.02,28.04,30.17,29.24,28.29,29.21,28.43
Jharkhand,May,30.97,32.11,31.5,31.07,31.47,31.94,31.71,32.19,31.24,31.57,32.04,31.69,31.68,32.13,31.59,32.17,31.54,31.61,31.74,31.12,31.66,30.5,31.99,30.56
Jharkhand,Jun,31.02,31.8,30.42,29.88,29.43,30.75,31.39,29.99,31.82,30.52,30.39,29.43,31.69,31.29,30.1,31.96,30.19,30.85,30.64,30.9,30.73,30.53,31.61,30.08
Jharkhand,Jul,27.81,27.97,27.67,28.03,27.57,28.6,28.1,27.84,27.77,27.8,27.86,27.2,28.37,28.75,28.11,27.73,28.03,28.01,27.69,27.62,27.64,27.82,28.28,28.32
Jharkhand,Aug,27.44,27.74,27.25,27.72,27.79,27.38,28.02,27.57,27.94,27.5,28.04,27.57,28.09,28.27,27.56,27.62,27.19,27.64,27.6,27.82,27.73,27.66,27.65,27.65
Jharkhand,Sep,26.91,27.74,26.88,26.7,27.91,27.18,27.44,27.77,27.4,27.62,27.73,27.46,27.8,27.78,27.33,27.19,27.5,27.01,27.36,27.35,27.55,27.27,26.95,27.69
Jharkhand,Oct,24.58,27.06,25.83,26.07,26.36,25.68,26.05,25.17,25.57,26.24,26.29,25.65,25.9,26.45,25.83,24.83,25.05,25.13,25.66,25.78,25.5,24.75,25.01,26.27
Jharkhand,Nov,21.85,22.86,21.91,22.17,22.59,21.81,22.18,21.28,21.3,22.13,22.06,22.18,22.51,23.39,21.87,20.83,20.27,20.82,21.34,21.05,21.56,20.65,21.65,21.03
Jharkhand,Dec,17.17,17.73,18.29,17.68,17.96,18.5,17.47,18.58,17.81,18.95,18.37,19.19,18.37,17.77,18.23,17.87,17.18,16.84,17.2,18.57,17.93,16.83,16.32,16.91
Jharkhand,Annual,24.64,25.44,25.43,24.96,25.35,25.47,25.39,25.34,25.43,25.64,25.51,25.29,26.02,25.99,25.23,25.06,24.79,24.87,24.85,25.31,25.08,24.65,24.96,24.69
Jharkhand,Winter,17.71,18.62,19.13,18.2,19.41,19.05,18.68,18.37,19.41,20.41,18.87,18.61,20.53,18.76,18.63,17.97,18.15,18.15,18.43,18.86,18.75,18.21,18.38,17.66
Jharkhand,Summer,27.84,28.36,29.57,28.31,28.61,29.2,28.88,29.71,28.92,28.68,29.19,29.19,29.49,30.23,28.8,28.92,28.6,28.62,27.97,28.98,28.27,27.94,28.42,27.67
Jharkhand,Monsoon,28.3,28.81,28.06,28.08,28.18,28.48,28.74,28.29,28.73,28.36,28.51,27.92,28.99,29.02,28.28,28.63,28.23,28.38,28.32,28.42,28.41,28.32,28.62,28.44
Jharkhand,Post Monsoon,21.2,22.55,22.01,21.97,22.3,22,21.9,21.68,21.56,22.44,22.24,22.34,22.26,22.54,21.98,21.18,20.83,20.93,21.4,21.8,21.66,20.74,20.99,21.4
Karnataka,Jan,22.83,24.56,22.92,23.89,23.88,23.53,23.89,23.57,23.84,23.55,24.08,23.77,24.21,24.15,23.41,23.55,24.22,23.93,23.35,24.21,23.95,23.75,23.32,24.29
Karnataka,Feb,24.85,26.17,26.05,25.41,26.04,25.89,26.33,25.47,25.75,25.88,25.78,25.3,26.48,26.34,25.52,25.79,26.13,25.44,25.66,26.85,26.13,25.93,26.19,26.34
Karnataka,Mar,28.17,28.52,28.68,27.65,28.26,28.56,28.38,28.98,28.19,27.97,28.51,27.77,28.67,29.34,28.29,28.41,28.52,27.99,28.07,29.37,28.71,28.71,28.79,28.45
Karnataka,Apr,28.61,30.57,30,30.21,29.65,30.39,30.07,30.23,29.41,29.78,29.98,29.21,30.27,30.9,29.17,30.33,30.09,30.17,29.3,30.99,30.84,30.23,30.8,30.22
Karnataka,May,29.47,30.51,28.32,28.79,29.66,30.1,30.21,28.34,29.57,29.23,29.96,29.73,29.69,30.11,29.45,29.96,30.25,29.46,29.82,29.9,30.24,29.8,30.32,30.27
Karnataka,Jun,27.27,27.91,26.01,25.95,26.48,26.66,27.69,26.38,27.52,26.73,26.74,26.54,27.43,27.2,26.58,27.33,26,28.29,26.62,26.54,26.82,26.86,28.21,26.73
Karnataka,Jul,25.87,25.88,25.07,24.96,25.55,26.22,25.41,25.44,25.48,25.78,25.8,25.69,25.76,25.14,25.39,25.7,24.56,25.89,26.14,25.44,25.99,25.44,25.93,25.72
Karnataka,Aug,25.43,25.57,25.25,24.9,25.04,25,25.37,25.39,25.48,25.28,25.25,25.08,25.98,25.4,25.38,25.24,25.01,25.64,25.99,25.8,25.58,25.17,25.53,25.29
Karnataka,Sep,25.67,25.5,25.35,25.7,26.05,25.87,25.72,25.51,25.37,25.85,25.39,25.45,26.06,25.53,25.81,25.78,25.54,25.9,26.26,25.41,26.09,25.93,25.52,25.87
Karnataka,Oct,25.89,25.4,25.45,25.83,25.35,25.95,25.78,25.23,25.32,25.85,25.59,25.78,25.65,25.91,26.45,25.84,25.92,26.14,26.66,25.78,26.34,26.39,25.78,26.07
Karnataka,Nov,25.26,24.41,24.27,24.58,24.86,24.27,24.78,24.51,23.41,24.88,24.23,24.75,24.75,25.05,24.77,24.61,24.73,24.78,25.2,24.08,24.82,25.33,25.45,25.03
Karnataka,Dec,24.05,22.76,22.84,22.76,23.35,23.46,23.14,23.15,22.86,23.68,23.71,24.09,23.86,22.97,23.69,24.12,23.22,23.31,24.42,23.72,23.61,23.77,24.16,23.82
Karnataka,Annual,26.12,26.48,25.85,25.89,26.18,26.33,26.4,26.02,26.02,26.2,26.25,26.1,26.57,26.5,26.16,26.39,26.18,26.41,26.46,26.51,26.59,26.44,26.67,26.51
Karnataka,Winter,23.84,25.37,24.49,24.65,24.96,24.71,25.11,24.52,24.8,24.72,24.93,24.54,25.35,25.25,24.47,24.67,25.18,24.69,24.51,25.53,25.04,24.84,24.76,25.32
Karnataka,Summer,28.75,29.87,29,28.88,29.19,29.68,29.55,29.18,29.06,28.99,29.48,28.9,29.54,30.12,28.97,29.57,29.62,29.21,29.06,30.09,29.93,29.58,29.97,29.65
Karnataka,Monsoon,26.06,26.22,25.42,25.38,25.78,25.94,26.05,25.68,25.96,25.91,25.8,25.69,26.31,25.82,25.79,26.01,25.28,26.43,26.25,25.8,26.12,25.85,26.3,25.9
Karnataka,Post Monsoon,25.07,24.19,24.19,24.39,24.52,24.56,24.57,24.3,23.86,24.8,24.51,24.87,24.75,24.64,24.97,24.86,24.62,24.74,25.43,24.53,24.92,25.16,25.13,24.97
Kerala,Jan,25.5,26.71,25.32,25.69,25.93,25.95,25.87,25.95,26.08,25.44,26.01,25.79,25.77,26.27,25.69,25.69,26.12,25.86,25.84,26.37,25.94,25.65,25.7,26.73
Kerala,Feb,26.3,27.58,26.75,26.53,26.69,26.64,27.05,26.57,27,26.4,26.62,26.57,26.91,27.25,26.44,26.77,26.92,26.68,26.6,27.56,26.64,26.8,27.25,27.55
Kerala,Mar,27.82,28.59,28.21,27.66,28.22,28.13,27.95,28.32,28.24,27.93,28.02,26.93,28.27,28.91,27.92,28.24,28.18,27.97,27.95,28.92,28.18,28.13,28.42,28.46
Kerala,Apr,28.08,29.44,28.4,28.76,28.33,28.78,28.69,28.89,28.1,28.8,28.7,27.89,28.93,29.45,28.09,29,29.23,29.01,28.18,29.79,29.51,28.91,29.66,29.15
Kerala,May,28.15,28.66,26.87,27.99,28.13,28.23,28.52,26.8,28.2,27.78,28.28,28.01,28.28,28.48,27.91,28.3,28.31,28.21,27.86,28.25,28.35,27.68,28.72,28.63
Kerala,Jun,26.64,26.91,25.66,25.77,26.08,26.41,26.89,25.88,26.59,26.32,26.12,26.08,26.4,26.44,26.44,26.61,25.66,27.28,26.42,26.09,26.42,26.26,27.28,26.7
Kerala,Jul,25.88,25.68,25.1,25.39,25.55,26.26,25.61,25.45,25.53,25.83,25.54,25.46,25.67,25.26,25.61,25.95,24.95,26.1,26.11,25.82,26.26,25.72,26.06,25.58
Kerala,Aug,25.96,25.72,25.69,25.15,25.56,25.79,25.99,26.06,26.16,25.75,25.53,25.46,26.08,25.58,25.8,25.62,25.49,25.66,26.21,26.29,25.95,25.65,25.85,25.9
Kerala,Sep,26.1,26.05,26.32,25.96,26.26,26.82,26.64,25.75,26.04,26.14,25.85,26.02,26.28,26.02,26.15,26.42,25.83,26.36,26.41,26.36,26.15,26.42,26.24,25.94
Kerala,Oct,26.32,26.22,25.95,26.15,26.13,26.31,26.45,25.95,26.14,26.13,26.12,26.26,26.55,26.45,26.92,26.49,26.64,26.37,26.7,27,26.89,26.63,26.15,26.79
Kerala,Nov,26.29,26.2,26.02,26.21,26.35,26,26.01,25.92,25.31,26.17,25.94,26.23,26.28,26.2,26.16,26.51,26.55,26.02,26.18,26.23,26.4,26.6,26.91,26.67
Kerala,Dec,26.41,25.42,25.41,25.34,25.61,25.55,25.69,25.6,25.35,25.85,25.6,25.88,26.12,25.32,25.76,26.19,25.75,25.77,26.39,26.07,26.06,26.37,26.3,26.03
Kerala,Annual,26.62,26.93,26.31,26.38,26.57,26.74,26.78,26.43,26.56,26.55,26.53,26.38,26.79,26.8,26.57,26.82,26.64,26.77,26.74,27.06,26.9,26.73,27.05,27.01
Kerala,Winter,25.9,27.15,26.04,26.11,26.31,26.3,26.46,26.26,26.54,25.92,26.32,26.18,26.34,26.76,26.07,26.23,26.52,26.27,26.22,26.97,26.29,26.23,26.48,27.14
Kerala,Summer,28.02,28.9,27.83,28.14,28.23,28.38,28.39,28,28.18,28.17,28.33,27.61,28.49,28.95,27.97,28.51,28.57,28.4,28,28.99,28.68,28.24,28.93,28.75
Kerala,Monsoon,26.15,26.09,25.69,25.57,25.86,26.32,26.28,25.79,26.08,26.01,25.76,25.76,26.11,25.83,26,26.15,25.48,26.35,26.29,26.14,26.2,26.01,26.36,26.03
Kerala,Post Monsoon,26.34,25.95,25.79,25.9,26.03,25.95,26.05,25.82,25.6,26.05,25.89,26.12,26.32,25.99,26.28,26.4,26.31,26.05,26.42,26.43,26.45,26.53,26.45,26.5
Lakshadweep,Jan,27.3,28.4,27.1,27.3,27.7,27.7,27.7,27.7,27.8,27.1,27.7,27.5,27.4,27.9,27.4,27.4,27.8,27.6,27.6,28.2,27.6,27.4,27.5,28.4
Lakshadweep,Feb,27.2,28.3,27.6,27.2,27.5,27.5,27.8,27.6,27.9,27.3,27.4,27.3,27.6,28,27.3,27.6,27.9,27.7,27.6,28.4,27.6,27.7,28,28.5
Lakshadweep,Mar,28,28.7,28.3,27.9,28.3,28.3,28.2,28.5,28.5,28.2,28.2,27,28.5,29,28.1,28.3,28.4,28.2,28.2,29.1,28.3,28.3,28.5,28.8
Lakshadweep,Apr,28.4,29.7,28.5,28.8,28.5,28.9,28.9,29,28.4,29,29,28.1,29.1,29.6,28.3,29.1,29.4,29.2,28.5,30.1,29.6,29,29.9,29.5
Lakshadweep,May,28.8,29.3,27.4,28.6,28.5,28.7,29.1,27.6,28.9,28.3,28.9,28.5,28.9,29.1,28.5,28.8,28.9,29,28.3,29.1,28.9,28.2,29.3,29.3
Lakshadweep,Jun,27.9,28.1,27.1,27.2,27.4,27.8,28.1,27.3,27.9,27.7,27.6,27.4,27.6,27.9,27.9,27.8,26.9,28.6,27.9,27.7,27.8,27.6,28.5,28.1
Lakshadweep,Jul,27.6,27.5,27.1,27.3,27.2,28,27.5,27.3,27.4,27.6,27.4,27.1,27.3,27.2,27.5,27.8,26.9,27.9,27.8,28,28.2,27.4,27.9,27.5
Lakshadweep,Aug,27.6,27.4,27.3,26.7,27.1,27.4,27.8,27.5,27.9,27.4,27.3,27.1,27.6,27.2,27.5,27.3,27.3,27.2,27.9,27.9,27.7,27.3,27.5,27.6
Lakshadweep,Sep,27.2,27.1,27.6,27,27.4,28,27.8,27,27.2,27.2,27,27.2,27.5,27.2,27.2,27.6,27,27.5,27.5,27.7,27.4,27.6,27.6,27.1
Lakshadweep,Oct,27.7,27.5,27.2,27.5,27.6,27.7,27.7,27.4,27.6,27.4,27.5,27.6,27.9,27.7,28.2,27.9,28,27.7,28,28.3,28.2,27.8,27.5,28.1
Lakshadweep,Nov,28,27.7,27.7,27.9,27.9,27.8,27.6,27.6,27.1,27.7,27.6,27.9,27.9,27.7,27.8,28.2,28.2,27.7,27.9,28,28.1,28.3,28.5,28.4
Lakshadweep,Dec,28.4,27.5,27.5,27.5,27.8,27.7,27.7,27.8,27.5,28,27.7,27.8,28.2,27.4,27.9,28.3,27.9,27.9,28.5,28.4,28.1,28.4,28.4,28.3
Lakshadweep,Annual,27.84,28.1,27.53,27.58,27.74,27.96,27.99,27.69,27.84,27.74,27.78,27.54,27.96,27.99,27.8,28.01,27.88,28.02,27.98,28.41,28.13,27.92,28.26,28.3
Lakshadweep,Winter,27.25,28.35,27.35,27.25,27.6,27.6,27.75,27.65,27.85,27.2,27.55,27.4,27.5,27.95,27.35,27.5,27.85,27.65,27.6,28.3,27.6,27.55,27.75,28.45
Lakshadweep,Summer,28.4,29.23,28.07,28.43,28.43,28.63,28.73,28.37,28.6,28.5,28.7,27.87,28.83,29.23,28.3,28.73,28.9,28.8,28.33,29.43,28.93,28.5,29.23,29.2
Lakshadweep,Monsoon,27.58,27.53,27.28,27.05,27.28,27.8,27.8,27.28,27.6,27.48,27.33,27.2,27.5,27.38,27.53,27.63,27.03,27.8,27.78,27.83,27.78,27.48,27.88,27.58
Lakshadweep,Post Monsoon,28.03,27.57,27.47,27.63,27.77,27.73,27.67,27.6,27.4,27.7,27.6,27.77,28,27.6,27.97,28.13,28.03,27.77,28.13,28.23,28.13,28.17,28.13,28.27
Madhya Pradesh,Jan,16.81,17.5,16.78,18.47,17.75,17.67,18.04,17.57,17.77,18.37,18.22,17.97,19.6,17.38,16.86,17.06,17.29,17.71,16.64,18.75,17.98,18.24,17.12,17.04
Madhya Pradesh,Feb,19.34,20.31,21.27,19.52,21.31,21.1,21.12,20.55,20.64,22.47,21,19.17,22.64,21.36,20.99,20.41,20.69,19.6,21.34,22.17,21.65,21.83,20.43,20.31
Madhya Pradesh,Mar,25.79,24.5,26.31,25,25.84,26.4,25.42,27.6,26.16,24.75,25.49,26.86,26.88,27.73,26.26,25.47,25.84,24.67,24.59,27.12,26.04,26.89,25.41,24.67
Madhya Pradesh,Apr,28.65,30.75,31.53,32.14,29.98,31.64,31.44,31.84,30.14,30.48,31.61,30.29,31.36,32.77,29.93,30.92,30.26,30.07,29.57,31.95,31.71,31.03,31.67,30.41
Madhya Pradesh,May,32.2,34.51,33.13,32.72,33.55,34.65,33.8,33.44,33.06,33.44,33.63,33.08,34.28,34.79,33.71,34.05,34.62,32.71,34.27,34.13,34.32,34.47,34.16,33.69
Madhya Pradesh,Jun,31.21,33.25,31.11,30.81,30.11,32.07,32.86,31.19,33.59,31.72,31.95,30.23,33.41,32.97,31.1,33.27,30.26,33.51,31.62,32.82,31.83,31.87,33.85,30.78
Madhya Pradesh,Jul,27.86,28.17,27.57,27.37,27.07,29.11,27.64,28.62,27.62,27.35,27.93,27.39,28.15,28.52,27.88,28.09,27.04,28.57,28.17,27.62,27.46,27.44,28.53,28.84
Madhya Pradesh,Aug,26.61,27.29,26.64,27.38,26.89,26.47,26.68,26.23,26.93,26.28,27.05,26.58,27.71,27.29,26.86,26.38,26.28,27.59,27.23,26.82,27.28,26.67,26.7,26.89
Madhya Pradesh,Sep,26.7,27.13,26.73,27.14,27.99,26.78,26.27,27.91,27.1,27.27,27.61,27.07,27.74,27.15,26.87,27.1,27.64,26.95,27.97,27.34,27.77,26.6,26.87,28.23
Madhya Pradesh,Oct,25.07,26.47,25.97,27.26,26.66,26.61,25.68,25.6,25.67,26.73,25.73,26.56,25.94,26.8,26.43,25.95,25.89,26.49,27.24,25.78,27.04,26.78,25.64,27.01
Madhya Pradesh,Nov,22.46,22.37,22.61,23.07,22.87,22.46,22.94,22.59,21.67,22.7,22.62,23.01,22.49,23.73,23.04,21.54,21.54,23.02,23.61,21.76,22.02,22.83,22.92,22.07
Madhya Pradesh,Dec,17.83,18.22,18.25,18.86,19.37,19.92,18.97,19.27,17.87,19.45,18.9,20.43,19.63,18.18,18.86,19.1,18.53,17.81,19.29,19.19,18.87,17.77,17.95,19
Madhya Pradesh,Annual,25.05,25.87,25.66,25.81,25.78,26.24,25.91,26.04,25.69,25.92,25.98,25.72,26.65,26.56,25.73,25.78,25.49,25.73,25.96,26.29,26.17,26.04,25.94,25.75
Madhya Pradesh,Winter,18.08,18.91,19.03,19,19.53,19.39,19.58,19.06,19.21,20.42,19.61,18.57,21.12,19.37,18.93,18.74,18.99,18.66,18.99,20.46,19.82,20.04,18.78,18.68
Madhya Pradesh,Summer,28.88,29.92,30.32,29.95,29.79,30.9,30.22,30.96,29.79,29.56,30.24,30.08,30.84,31.76,29.97,30.15,30.24,29.15,29.48,31.07,30.69,30.8,30.41,29.59
Madhya Pradesh,Monsoon,28.1,28.96,28.01,28.18,28.02,28.61,28.36,28.49,28.81,28.16,28.64,27.82,29.25,28.98,28.18,28.71,27.81,29.16,28.75,28.65,28.59,28.15,28.99,28.69
Madhya Pradesh,Post Monsoon,21.79,22.35,22.28,23.06,22.97,23,22.53,22.49,21.74,22.96,22.42,23.33,22.69,22.9,22.78,22.2,21.99,22.44,23.38,22.24,22.64,22.46,22.17,22.69
Maharashtra,Jan,21.14,22.65,21.39,22.79,22.42,21.94,22.72,22.12,22.09,22.39,22.83,22.21,23.79,22.41,21.53,21.76,22.27,22.39,21.37,22.97,22.45,22.51,21.6,22.12
Maharashtra,Feb,23.28,24.28,25.15,23.62,24.98,25.05,25.25,24.25,24.29,25.59,24.93,23.15,26.07,25.19,24.5,24.38,24.84,23.78,24.8,25.9,25.39,25.2,24.61,24.62
Maharashtra,Mar,28.28,27.7,28.61,27.44,28.13,28.69,28.22,29.48,27.98,27.41,28.35,28.46,29.02,29.64,28.41,27.85,28.29,27.4,27.46,29.43,28.43,28.94,28.29,27.59
Maharashtra,Apr,29.56,31.91,32.04,32.33,30.92,32.15,31.82,31.97,31.01,31.1,31.84,30.93,32.04,32.77,30.63,31.8,31.08,31.09,30.6,32.38,32.27,31.66,32.25,31.45
Maharashtra,May,32.06,33.87,32.03,31.53,32.84,33.54,33.13,32.2,32.63,32.55,33.02,32.66,33.13,33.71,32.76,33.02,33.65,32.22,33.44,33.29,33.59,33.54,33.49,33.26
Maharashtra,Jun,29.6,31.12,28.92,28.89,28.75,29.62,30.46,29.45,30.99,29.8,30.06,28.93,31.02,30.63,29.27,30.46,28.3,31.51,29.45,30.32,29.78,29.76,31.46,28.77
Maharashtra,Jul,27.22,27.57,26.94,26.39,26.6,27.88,26.9,27.4,26.99,26.84,27.33,27.07,27.11,27.14,26.9,27.15,25.88,27.55,27.72,26.77,26.95,26.53,27.53,27.74
Maharashtra,Aug,26.42,27.03,26.22,26.59,26.2,25.66,26.24,25.75,26.3,25.87,26.52,26.09,27.16,26.75,26.43,26.13,25.87,26.96,27,26.52,26.71,26.11,26.37,26.25
Maharashtra,Sep,26.7,26.9,26.28,26.94,27.59,26.58,26.17,27.15,26.58,27.06,26.93,26.61,27.52,26.86,26.74,26.81,27.08,26.79,27.54,26.64,27.45,26.65,26.36,27.72
Maharashtra,Oct,26.6,27.07,26.46,27.55,26.8,27.25,26.45,26.3,26.34,27.15,26.43,26.92,26.44,27.24,27.37,26.84,26.8,27.36,28.08,26.15,27.56,27.6,26.63,27.49
Maharashtra,Nov,25.51,24.25,24.08,24.83,24.75,24.28,25.05,24.73,23.36,24.86,24.3,24.87,24.51,25.62,25.04,23.97,24.1,25.18,25.8,23.42,24.32,25.27,25.18,24.67
Maharashtra,Dec,22.27,21.6,21.62,22.04,22.78,23.08,22.23,22.39,21.52,22.98,22.79,23.75,23.11,21.71,22.71,23.09,21.97,21.72,23.25,22.62,22.32,21.89,22.66,22.77
Maharashtra,Annual,26.55,27.16,26.65,26.75,26.9,27.14,27.06,26.93,26.67,26.97,27.11,26.8,27.58,27.48,26.86,26.94,26.68,27,27.21,27.2,27.27,27.14,27.2,27.04
Maharashtra,Winter,22.21,23.47,23.27,23.21,23.7,23.5,23.99,23.19,23.19,23.99,23.88,22.68,24.93,23.8,23.02,23.07,23.56,23.09,23.09,24.44,23.92,23.86,23.11,23.37
Maharashtra,Summer,29.97,31.16,30.89,30.43,30.63,31.46,31.06,31.22,30.54,30.35,31.07,30.68,31.4,32.04,30.6,30.89,31.01,30.24,30.5,31.7,31.43,31.38,31.34,30.77
Maharashtra,Monsoon,27.49,28.16,27.09,27.2,27.29,27.44,27.44,27.44,27.72,27.39,27.71,27.18,28.2,27.85,27.34,27.64,26.78,28.2,27.93,27.56,27.72,27.26,27.93,27.62
Maharashtra,Post Monsoon,24.79,24.31,24.05,24.81,24.78,24.87,24.58,24.47,23.74,25,24.51,25.18,24.69,24.86,25.04,24.63,24.29,24.75,25.71,24.06,24.73,24.92,24.82,24.98
Manipur,Jan,12.95,12.98,14.18,12.92,14.39,13.86,13.46,13.53,14.01,14.66,14.25,14.19,15.2,14.2,13.18,12.48,12.67,14.41,14.51,12.55,14.29,13.34,14.35,12.83
Manipur,Feb,13.77,15.55,17.24,14.46,16.45,16.4,15.3,15.3,16.35,17.35,14.6,14.09,16.99,16.05,15.65,15.04,15.69,15.06,15.27,16.09,15.89,15.4,15.37,15.32
Manipur,Mar,18.59,17.34,19.73,17.41,18.83,18.93,17.69,20,18.74,19.62,18.63,18.56,18.94,19.92,18.89,18.73,19.46,18.68,18.56,19.12,17.16,18.57,18.01,18.9
Manipur,Apr,18.92,20.79,22.48,20.49,21.15,20.49,20.72,20.05,20.96,20.58,20.56,21.42,21.49,21.42,20.77,19.86,20.93,22.07,19.96,20.72,19.68,20.24,20.81,20.15
Manipur,May,22.12,22.83,21.57,21.43,21.54,21.44,21.66,22.16,21.89,21.9,22.26,22.09,22.55,22.72,22.09,22.96,21.27,22.33,22.1,21.48,22.3,21.25,22.64,21.54
Manipur,Jun,22.55,22.86,23.11,22.57,22.5,22.73,22.45,22.64,23.27,22.74,22.72,22.32,23.28,22.65,23.05,22.4,23.5,22.84,22.43,23.09,22.76,22.84,23.43,22.5
Manipur,Jul,22.78,22.76,22.81,23.16,23.25,22.7,23,22.31,23.35,23.66,22.99,23.05,23.71,23.39,23.2,22.82,23.09,23.65,22.89,22.55,23.1,23.34,22.81,22.97
Manipur,Aug,23.19,22.79,22.37,22.62,23.32,22.75,23.71,23.43,23.33,23.72,23.63,22.82,23.33,23.73,22.93,23.48,22.76,22.46,22.52,23.59,23.12,23.52,23.76,23.42
Manipur,Sep,22.17,23.38,22.97,22.33,23.31,22.92,23.54,22.83,23.6,23.21,22.95,23.45,23.77,23.31,23.61,22.48,22.73,22.81,22.94,23.24,23.09,23.14,22.92,23.2
Manipur,Oct,20.76,23.17,21.85,21.57,21.75,21.34,22.3,20.75,21.72,21.84,22.53,21.52,22.36,22.29,22.14,20.78,21,21.51,21.41,22.19,21.67,20.55,21.3,22.97
Manipur,Nov,18.09,19.42,18.39,17.9,18.56,18.59,18.1,17.54,17.92,18.12,18.46,17.91,18.84,19.3,17.67,17.69,17.14,17.97,17.68,18.05,18.56,17.21,18.77,18.15
Manipur,Dec,14.27,15.49,15.32,14.48,15.31,15.39,14.92,15.32,15.51,15.71,15.41,16.1,15.21,15.21,15.74,15,14.09,15.24,14.06,16.6,16.08,14.62,14,14.43
Manipur,Annual,19.18,19.95,20.17,19.28,20.03,19.79,19.74,19.66,20.05,20.26,19.92,19.8,20.47,20.35,19.91,19.48,19.53,19.92,19.53,19.94,19.81,19.5,19.85,19.7
Manipur,Winter,13.36,14.27,15.71,13.69,15.42,15.13,14.38,14.42,15.18,16.01,14.43,14.14,16.1,15.13,14.42,13.76,14.18,14.74,14.89,14.32,15.09,14.37,14.86,14.08
Manipur,Summer,19.88,20.32,21.26,19.78,20.51,20.29,20.02,20.74,20.53,20.7,20.48,20.69,20.99,21.35,20.58,20.52,20.55,21.03,20.21,20.44,19.71,20.02,20.49,20.2
Manipur,Monsoon,22.67,22.95,22.82,22.67,23.1,22.78,23.18,22.8,23.39,23.33,23.07,22.91,23.52,23.27,23.2,22.8,23.02,22.94,22.7,23.12,23.02,23.21,23.23,23.02
Manipur,Post Monsoon,17.71,19.36,18.52,17.98,18.54,18.44,18.44,17.87,18.38,18.56,18.8,18.51,18.8,18.93,18.52,17.82,17.41,18.24,17.72,18.95,18.77,17.46,18.02,18.52
Meghalaya,Jan,14.57,14.7,15.68,14.51,16.48,15.41,15.05,14.86,15.74,16.77,16.33,16.08,17.24,15.62,15.06,13.44,14.34,15.8,16.18,14.07,16.1,14.53,15.97,14.17
Meghalaya,Feb,15.69,17.77,19.15,15.98,18.83,18.28,17.07,17.22,18.27,19.75,16.6,16.18,18.98,17.95,17.47,16.61,17.32,16.44,16.94,18.17,17.59,17.33,16.98,16.99
Meghalaya,Mar,21.12,19.81,22.17,19.82,21.1,21.5,20.49,23.16,21.75,22.05,21.67,21.61,21.85,23.19,21.53,21.53,21.63,20.63,20.85,21.49,19.4,21.08,20.26,20.64
Meghalaya,Apr,21.19,22.91,24.86,22.59,23.18,22.73,23.42,22.62,23.2,22.68,23.44,23.88,24.67,24.53,23.08,21.97,22.7,24.08,21.65,23.02,21.99,22.03,22.64,22.13
Meghalaya,May,23.62,24.62,23.85,23.48,23.6,23.47,23.53,24.7,23.2,24.16,24.97,24.48,24.29,24.48,24.2,24.28,23.1,24.17,23.75,23.21,24.15,22.82,23.99,23.24
Meghalaya,Jun,24.43,25.36,25.21,24.75,24.46,24.8,24.42,24.73,25.41,24.99,24.93,24.46,25.76,25.38,25.17,24.76,25.63,24.8,24.6,25.38,24.95,25.15,25.58,24.79
Meghalaya,Jul,25.13,25.05,24.91,25.29,25.38,24.96,25.13,24.39,25.44,25.96,25.35,25.2,26.1,25.9,25.29,25.22,25.53,25.82,25.15,25.05,25.39,25.65,25.57,25.42
Meghalaya,Aug,25.41,25.41,24.97,25.19,25.59,25.19,26.23,25.79,25.93,26.02,26.11,25.29,25.83,26.19,25.36,25.89,25.12,25.14,25.13,26.18,25.69,26.04,26.35,26.03
Meghalaya,Sep,24.42,25.5,24.82,24.36,25.46,24.94,25.57,25.31,25.56,25.44,25.25,25.51,25.89,25.54,25.65,24.76,24.85,24.8,25.08,25.35,25.36,25.35,25.03,25.41
Meghalaya,Oct,22.58,25.46,23.83,23.72,23.99,23.39,24.62,22.91,23.7,23.87,24.96,23.43,24.58,24.51,24.1,22.7,23.27,23.51,23.63,24.33,23.74,22.72,23.33,24.97
Meghalaya,Nov,20.14,21.57,20.49,20.27,20.81,20.67,20.77,19.62,20.23,20.48,20.65,20.17,21.21,21.8,20.01,19.68,18.99,19.65,19.88,20.13,20.81,19.24,20.59,20.08
Meghalaya,Dec,15.54,16.87,17.13,16.34,16.98,17.11,16.21,17.49,17.02,17.76,17.28,17.89,17.15,16.71,17.61,16.79,15.74,16.35,15.74,18.2,17.48,16.21,15.55,16.06
Meghalaya,Annual,21.15,22.09,22.26,21.36,22.16,21.87,21.88,21.9,22.12,22.49,22.3,22.01,22.8,22.65,22.04,21.47,21.52,21.77,21.55,22.05,21.89,21.51,21.82,21.66
Meghalaya,Winter,15.13,16.24,17.42,15.25,17.66,16.85,16.06,16.04,17.01,18.26,16.47,16.13,18.11,16.79,16.27,15.03,15.83,16.12,16.56,16.12,16.85,15.93,16.48,15.58
Meghalaya,Summer,21.98,22.45,23.63,21.96,22.63,22.57,22.48,23.49,22.72,22.96,23.36,23.32,23.6,24.07,22.94,22.59,22.48,22.96,22.08,22.57,21.85,21.98,22.3,22
Meghalaya,Monsoon,24.85,25.33,24.98,24.9,25.22,24.97,25.34,25.06,25.59,25.6,25.41,25.12,25.9,25.75,25.37,25.16,25.28,25.14,24.99,25.49,25.35,25.55,25.63,25.41
Meghalaya,Post Monsoon,19.42,21.3,20.48,20.11,20.59,20.39,20.53,20.01,20.32,20.7,20.96,20.5,20.98,21.01,20.57,19.72,19.33,19.84,19.75,20.89,20.68,19.39,19.82,20.37
Mizoram,Jan,15.33,15,16.31,15.1,16.58,16.09,15.54,15.76,16.17,16.7,16.37,16.38,17.3,16.28,15.4,14.2,14.68,16.6,16.95,14.21,16.49,14.9,16.76,14.47
Mizoram,Feb,16.45,18.08,19.6,16.89,18.8,18.74,17.75,17.7,18.78,19.8,17.11,16.48,19.38,18.48,18.08,16.68,17.67,17.18,17.08,18.48,17.79,17.52,17.35,17.38
Mizoram,Mar,21.37,19.94,22.22,20.27,21.48,21.62,20.18,22.4,21.5,22.28,20.99,21.28,21.68,22.54,21.49,21.54,21.59,20.75,20.71,21.75,19.45,21.22,20.35,20.87
Mizoram,Apr,21.38,23.21,24.95,23.03,23.83,23.03,23.23,22.69,23.53,23.23,23.12,23.84,24.16,24.06,23.33,22.35,23.18,24.24,22.33,23.41,22.12,22.29,22.81,22.41
Mizoram,May,24.08,24.56,23.32,23.13,23.51,23.41,23.75,24.24,24.02,23.83,23.96,23.93,24.43,24.65,23.91,24.58,22.9,24.5,24.05,23.51,24.28,23,24.66,23.54
Mizoram,Jun,23.7,24.65,24.14,23.74,23.53,23.85,23.62,23.88,24.54,23.85,23.86,23.3,24.5,23.89,24.12,23.69,24.58,23.88,23.6,24.38,23.91,23.93,24.52,23.96
Mizoram,Jul,23.82,23.82,23.78,24.12,24.18,23.7,24.02,23.41,24.2,24.51,23.92,24.02,24.63,24.33,24.21,23.72,24.12,24.32,23.62,23.75,23.92,24.22,24.16,24.1
Mizoram,Aug,24.13,23.92,23.51,23.77,24.26,23.69,24.57,24.28,24.25,24.49,24.56,23.82,24.3,24.66,23.87,24.37,23.72,23.62,23.72,24.39,24.09,24.43,24.65,24.33
Mizoram,Sep,23.58,24.89,23.89,23.53,24.59,24.19,24.78,24.09,24.43,24.49,24.19,24.69,25.07,24.59,24.77,23.79,24.06,23.89,24.09,24.39,24.19,24.39,24.09,24.47
Mizoram,Oct,22.71,24.82,23.51,23.18,23.55,23.15,24.01,22.55,23.37,23.65,24.16,23.28,24.03,24.05,23.92,22.38,22.58,22.89,22.96,23.68,23.11,21.99,22.99,24.29
Mizoram,Nov,20.61,21.81,20.48,20.3,20.96,20.82,20.38,19.91,20.11,20.51,20.71,20.27,21.05,21.59,20.09,19.94,18.92,19.51,19.68,19.92,20.72,19.02,20.42,19.92
Mizoram,Dec,16.54,17.57,17.8,16.7,17.54,17.72,16.76,17.59,17.8,18.02,17.62,18.38,17.55,17.53,17.98,17.29,15.97,16.88,15.91,18.86,17.99,16.36,15.74,16.17
Mizoram,Annual,21.14,21.86,21.96,21.15,21.9,21.67,21.55,21.54,21.89,22.11,21.71,21.64,22.34,22.22,21.76,21.21,21.17,21.52,21.23,21.73,21.51,21.1,21.54,21.33
Mizoram,Winter,15.89,16.54,17.96,16,17.69,17.42,16.65,16.73,17.48,18.25,16.74,16.43,18.34,17.38,16.74,15.44,16.18,16.89,17.02,16.35,17.14,16.21,17.06,15.93
Mizoram,Summer,22.28,22.57,23.5,22.14,22.94,22.69,22.39,23.11,23.02,23.11,22.69,23.02,23.42,23.75,22.91,22.82,22.56,23.16,22.36,22.89,21.95,22.17,22.61,22.27
Mizoram,Monsoon,23.81,24.32,23.83,23.79,24.14,23.86,24.25,23.92,24.36,24.34,24.13,23.96,24.63,24.37,24.24,23.89,24.12,23.93,23.76,24.23,24.03,24.24,24.36,24.22
Mizoram,Post Monsoon,19.95,21.4,20.6,20.06,20.68,20.56,20.38,20.02,20.43,20.73,20.83,20.64,20.88,21.06,20.66,19.87,19.16,19.76,19.52,20.82,20.61,19.12,19.72,20.13
Nagaland,Jan,12.04,12.37,13.37,12.24,13.7,12.86,12.89,12.7,13.35,14.24,13.64,13.66,14.46,13.61,12.51,11.79,12.23,13.58,13.53,12,13.79,12.93,13.48,12.33
Nagaland,Feb,12.63,14.53,16.37,13.48,15.56,15.61,14.3,14.32,15.45,16.43,13.64,13.25,16.14,15.2,14.8,14.42,15.07,14.32,14.46,15.16,15.29,14.79,14.63,14.56
Nagaland,Mar,17.3,16.07,18.5,16.18,17.54,17.68,16.68,19.04,17.49,18.4,17.79,17.35,17.79,18.96,17.75,17.56,18.41,17.58,17.93,17.78,16.19,17.37,16.85,17.75
Nagaland,Apr,17.63,19.44,21.32,19.4,19.73,19.27,19.73,18.73,19.71,19.3,19.51,20.38,20.51,20.27,19.7,18.71,19.79,20.81,18.7,19.46,18.71,19.05,19.7,18.86
Nagaland,May,21.36,22.3,21.24,21.22,20.89,20.9,21.06,21.68,21.04,21.37,22.11,21.81,22.19,22.2,21.79,22.46,20.86,21.65,21.53,20.85,21.66,20.74,21.87,21.03
Nagaland,Jun,22.44,22.94,23.39,22.78,22.73,22.99,22.62,22.71,23.47,23.07,22.95,22.66,23.71,23.02,23.39,22.68,23.76,23.38,22.8,23.21,22.97,23.16,23.63,22.79
Nagaland,Jul,22.92,22.76,22.83,23.23,23.49,22.92,23.18,22.36,23.7,24.02,23.3,23.3,24.07,23.74,23.4,23.09,23.31,23.94,23.27,22.77,23.45,23.67,23,23.24
Nagaland,Aug,23.47,22.98,22.73,22.74,23.53,23.09,24.05,23.81,23.73,24.26,24.02,23.05,23.69,24.12,23.31,23.84,23.13,22.85,22.84,24.14,23.57,23.9,24.35,23.91
Nagaland,Sep,21.92,23.24,23.02,22.29,23.32,22.94,23.53,22.9,23.8,23.24,23.02,23.54,23.87,23.32,23.85,22.56,22.79,22.92,23.13,23.29,23.26,23.24,23.02,23.23
Nagaland,Oct,20.05,22.77,21.55,21.14,21.22,20.65,21.92,20.22,21.31,21.17,22.27,20.93,22.08,21.75,21.51,20.36,20.67,21.04,21.08,21.99,21.57,20.21,20.91,22.68
Nagaland,Nov,17.07,18.51,17.61,17.11,17.67,17.76,17.39,16.67,17.25,17.29,17.69,17.08,18.08,18.47,16.75,16.9,16.5,17.45,17.16,17.57,17.91,16.59,18.31,17.66
Nagaland,Dec,13.53,14.6,14.38,13.73,14.45,14.43,14.1,14.47,14.59,14.79,14.63,15.19,14.31,14.3,15,14.2,13.29,14.43,13.52,15.69,15.28,13.97,13.18,13.78
Nagaland,Annual,18.53,19.37,19.69,18.8,19.49,19.26,19.29,19.13,19.58,19.8,19.55,19.35,20.08,19.92,19.48,19.05,19.15,19.5,19.16,19.49,19.47,19.13,19.41,19.32
Nagaland,Winter,12.34,13.45,14.87,12.86,14.63,14.24,13.6,13.51,14.4,15.34,13.64,13.46,15.3,14.41,13.66,13.11,13.65,13.95,14,13.58,14.54,13.86,14.06,13.45
Nagaland,Summer,18.76,19.27,20.35,18.93,19.39,19.28,19.16,19.82,19.41,19.69,19.8,19.85,20.16,20.48,19.75,19.58,19.69,20.01,19.39,19.36,18.85,19.05,19.47,19.21
Nagaland,Monsoon,22.69,22.98,22.99,22.76,23.27,22.99,23.35,22.95,23.68,23.65,23.32,23.14,23.84,23.55,23.49,23.04,23.25,23.27,23.01,23.35,23.31,23.49,23.5,23.29
Nagaland,Post Monsoon,16.88,18.63,17.85,17.33,17.78,17.61,17.8,17.12,17.72,17.75,18.2,17.73,18.16,18.17,17.75,17.15,16.82,17.64,17.25,18.42,18.25,16.92,17.47,18.04
Odisha,Jan,19.29,20.28,19.59,20.48,20.31,20.63,19.99,19.71,20.85,20.71,20.52,20.84,21.89,19.59,19.65,19.68,20.06,20.35,20.02,20.05,20.41,19.45,19.96,19.47
Odisha,Feb,22,23.24,23.76,22.56,23.62,23.47,23.73,22.65,23.8,24.63,23.12,22.23,24.82,23.78,23.37,22.9,22.74,22.12,22.78,24.53,23.25,23.5,22.8,22.39
Odisha,Mar,26.75,25.9,27.54,26.26,27.15,27.51,26.52,27.9,27.43,26.53,26.58,27.24,27.44,28.42,27.1,27.05,26.67,25.8,25.92,27.53,26.24,27.14,26.55,26.1
Odisha,Apr,27.68,29.52,31.16,30.36,29.49,30.3,30.58,30.43,29.79,29.69,30.3,29.7,30.88,31.59,29.02,29.65,29.45,29.94,28.42,30.98,30.09,29.01,29.83,28.95
Odisha,May,30.98,31.95,30.94,30.93,31.75,32.33,32.22,31.41,31.41,31,31.86,31.69,31.67,31.99,31.39,32.13,31.66,31.17,31.75,31.23,31.9,30.85,32.18,30.73
Odisha,Jun,30.74,31.22,29.5,28.82,28.56,29.9,31.28,29.3,31.51,29.93,29.7,28.61,31.41,30.61,29.4,31.22,28.98,30.82,29.57,30.1,30,29.92,31.44,29.35
Odisha,Jul,27.59,27.6,27.45,27.35,27.27,28.36,27.4,27.57,27.19,27.2,27.6,26.89,27.66,27.82,27.64,27.13,27.05,27.68,27.48,27.32,27.26,27.19,27.85,28.02
Odisha,Aug,27.2,27.45,26.99,27.24,27.24,26.85,27.29,26.99,27.43,26.93,27.46,27.07,27.89,27.79,27.34,26.96,26.77,27.46,27.52,27.35,27.44,27.06,27.31,27.1
Odisha,Sep,27.13,27.63,26.83,27.16,28.18,27.39,27.21,27.73,27.27,27.65,27.62,27.38,27.96,27.63,27.53,27.29,27.59,27.24,27.72,27.38,27.94,27.39,27,27.96
Odisha,Oct,25.84,27.05,26.45,26.81,26.82,26.49,26.26,25.86,26.14,26.94,26.25,26.55,26.27,26.9,26.9,25.77,25.7,26.07,26.66,26.15,26.6,25.99,25.99,26.92
Odisha,Nov,24.09,24.19,23.3,23.65,24.33,23.21,23.62,23.21,22.55,23.82,23.56,24.03,24.06,24.79,23.71,22.88,22.27,22.86,23.66,22.68,23.36,23.1,23.52,23.19
Odisha,Dec,20.66,19.81,20.28,19.83,20.58,21.2,20.13,20.78,20.27,21.27,20.99,21.75,21.03,20.2,20.59,20.73,19.88,19.46,20.89,20.86,20.5,19.69,19.45,20.11
Odisha,Annual,25.83,26.32,26.15,25.95,26.28,26.47,26.35,26.13,26.3,26.36,26.3,26.17,26.92,26.76,26.14,26.12,25.74,25.91,26.03,26.35,26.25,25.86,26.16,25.86
Odisha,Winter,20.65,21.76,21.68,21.52,21.97,22.05,21.86,21.18,22.33,22.67,21.82,21.54,23.36,21.69,21.51,21.29,21.4,21.24,21.4,22.29,21.83,21.48,21.38,20.93
Odisha,Summer,28.47,29.12,29.88,29.18,29.46,30.05,29.77,29.91,29.54,29.07,29.58,29.54,30,30.67,29.17,29.61,29.26,28.97,28.7,29.91,29.41,29,29.52,28.59
Odisha,Monsoon,28.17,28.48,27.69,27.64,27.81,28.13,28.3,27.9,28.35,27.93,28.1,27.49,28.73,28.46,27.98,28.15,27.6,28.3,28.07,28.04,28.16,27.89,28.4,28.11
Odisha,Post Monsoon,23.53,23.68,23.34,23.43,23.91,23.63,23.34,23.28,22.99,24.01,23.6,24.11,23.79,23.96,23.73,23.13,22.62,22.8,23.74,23.23,23.49,22.93,22.99,23.41
Puducherry,Jan,25.41,26.78,25.25,25.82,25.88,26.01,25.78,25.92,26.17,25.45,26,25.89,25.89,26.27,25.68,25.86,26.2,25.94,25.81,26.31,26.01,25.78,25.79,26.77
Puducherry,Feb,26.31,27.75,26.75,26.75,26.88,26.65,27.12,26.51,27.05,26.46,26.7,26.81,27.14,27.25,26.45,26.83,26.9,26.62,26.57,27.81,26.64,26.83,27.46,27.57
Puducherry,Mar,28.19,29.04,28.6,28.01,28.63,28.47,28.38,28.65,28.73,28.3,28.32,27.35,28.47,29.27,28.19,28.75,28.44,28.24,28.25,29.29,28.67,28.56,29.09,28.82
Puducherry,Apr,29.32,30.82,29.88,30.25,29.71,30.19,30.17,30.32,29.54,30.2,29.94,29.27,30.29,30.87,29.35,30.36,30.56,30.38,29.45,31.31,30.95,30.28,31.03,30.39
Puducherry,May,31.35,32,30.26,31.42,31.71,31.69,31.84,30.08,31.38,31.09,31.75,31.6,31.46,31.64,31.28,31.72,31.63,31.33,31.16,31.36,31.69,31.06,32.14,31.82
Puducherry,Jun,31.38,31.58,30.14,30.11,30.44,30.79,31.55,30.36,31.21,30.84,30.46,30.59,31.09,30.96,30.9,31.23,30.16,31.94,30.66,30.38,30.89,30.79,32,31.2
Puducherry,Jul,30.28,29.96,29.49,29.57,30.07,30.53,29.81,29.8,29.8,30.17,29.93,29.86,30.15,29.52,29.97,30.18,29.2,30.37,30.48,30.06,30.42,30.06,30.44,29.88
Puducherry,Aug,29.6,29.29,29.24,28.7,29.12,29.28,29.38,29.72,29.64,29.33,29.07,28.99,29.79,29.32,29.41,29.16,29.03,29.41,29.83,29.84,29.49,29.23,29.44,29.36
Puducherry,Sep,28.95,28.98,29.07,28.94,29.22,29.58,29.46,28.66,28.96,29.13,28.74,28.94,29.27,28.86,29.26,29.3,28.81,29.25,29.39,29.15,29.13,29.25,28.98,28.9
Puducherry,Oct,28.1,28.16,27.87,28.18,28.06,28.12,28.33,27.76,28.01,28.16,27.99,28.24,28.55,28.5,28.91,28.25,28.45,28.29,28.65,28.89,28.81,28.56,28.12,28.69
Puducherry,Nov,27.16,27.21,26.91,27.08,27.25,26.68,26.75,26.71,26.05,27.03,26.88,27.11,27.22,27.18,27.04,27.3,27.32,26.85,27.05,27.17,27.28,27.44,27.86,27.48
Puducherry,Dec,26.88,25.72,25.71,25.66,25.92,25.9,26.06,25.84,25.69,26.25,26.16,26.42,26.44,25.72,26.28,26.56,26.05,26.03,26.82,26.4,26.41,26.74,26.6,26.33
Puducherry,Annual,28.58,28.94,28.27,28.38,28.57,28.66,28.72,28.36,28.52,28.53,28.5,28.42,28.81,28.78,28.56,28.79,28.57,28.72,28.68,29,28.87,28.72,29.08,28.93
Puducherry,Winter,25.86,27.27,26,26.29,26.38,26.33,26.45,26.22,26.61,25.96,26.35,26.35,26.52,26.76,26.07,26.35,26.55,26.28,26.19,27.06,26.33,26.31,26.63,27.17
Puducherry,Summer,29.62,30.62,29.58,29.89,30.02,30.12,30.13,29.68,29.88,29.86,30,29.41,30.07,30.59,29.61,30.28,30.21,29.98,29.62,30.65,30.44,29.97,30.75,30.34
Puducherry,Monsoon,30.05,29.95,29.49,29.33,29.71,30.05,30.05,29.64,29.9,29.87,29.55,29.6,30.08,29.67,29.89,29.97,29.3,30.24,30.09,29.86,29.98,29.83,30.22,29.84
Puducherry,Post Monsoon,27.38,27.03,26.83,26.97,27.08,26.9,27.05,26.77,26.58,27.15,27.01,27.26,27.4,27.13,27.41,27.37,27.27,27.06,27.51,27.49,27.5,27.58,27.53,27.5
Punjab,Jan,12.39,12.83,13.07,13.42,12.77,13.36,12.89,13.49,12.58,13.74,13.75,12.42,14.67,13.34,12.14,12.25,12.45,13.19,12.98,14.19,13.55,14.6,13.06,12.32
Punjab,Feb,15.55,15.97,16.95,14.52,17.07,15.72,15.73,16.96,14.88,19.66,16.62,14.85,17.55,17.04,16.29,15.07,15.61,15.19,17.36,17.7,17.93,18.05,15,16.78
Punjab,Mar,20.59,19.56,21.86,20.49,21.72,22.08,20.76,24.31,21.61,21.33,20.67,24.02,22.38,24.74,22.05,21.64,22.23,20.28,20.16,22.54,22.45,23.86,20.26,20.26
Punjab,Apr,25.51,27.56,28.84,29.23,27.47,28.75,28.03,29.26,26.77,25.81,29.87,26.87,27.69,30.62,26.7,27.08,27.37,26.51,27.4,28.75,29.32,28.88,28.66,26.96
Punjab,May,29.08,32.33,32.29,33.77,32.96,33.19,30.78,32.04,30.05,33.59,32.04,31.22,32.56,32.97,33.31,32.15,32.76,30.87,32.32,33.02,32.71,32.46,31.31,31.45
Punjab,Jun,31.74,33.55,33.1,33.29,32.56,33.85,34.25,32.41,34.22,32.58,33.5,33.03,33.5,33.15,33.49,34.65,33.65,34.72,32.68,34.6,32.63,33.86,33.96,33.31
Punjab,Jul,31.71,31.59,31.66,30.85,30.99,32.16,30.65,31.88,30.74,31.84,31.51,31.48,31.75,31.32,31.37,32.66,31.81,32.11,30.58,31.59,31.6,31.43,31.72,32.03
Punjab,Aug,29.63,30.79,30.47,30.48,30.79,30.97,30.02,29.99,30.99,30.26,30.94,29.65,31.29,30.03,30.24,30.31,30.14,31.05,30.32,30.17,30.93,31.05,30.6,31.22
Punjab,Sep,29.37,29.46,30.41,29.46,29.34,28.12,29.04,29.92,29.63,29.1,29.65,28.72,29.43,28.74,29.13,29.12,29.88,29.21,29.69,30.26,30.03,29.41,30.68,30.46
Punjab,Oct,23.07,25.9,26.46,26.84,26.76,26.11,25.39,24.34,25.69,26.39,25.5,26.72,25.94,26.68,26.1,25.1,27,26.15,26.47,27.22,27.37,25.94,25.78,26.42
Punjab,Nov,18.25,19.13,20.67,20.33,20.18,20.3,18.72,19.94,19.51,20.21,20.01,20.05,19.12,20.24,21.23,19.54,19.37,19.9,20.36,20.5,19.23,19.67,19.77,18.68
Punjab,Dec,12.85,14.14,15.24,15.52,15.6,15.51,14.54,15.58,13.72,14.69,14.18,15.81,15.27,14,15.05,14.82,15.1,13.88,15.1,16.58,15.61,14.25,12.59,14.55
Punjab,Annual,23.31,24.4,25.09,24.85,24.85,25.01,24.24,25.01,24.2,24.93,24.85,24.57,25.1,25.24,24.76,24.53,24.78,24.42,24.62,25.59,25.28,25.29,24.45,24.54
Punjab,Winter,13.97,14.4,15.01,13.97,14.92,14.54,14.31,15.23,13.73,16.7,15.19,13.64,16.11,15.19,14.22,13.66,14.03,14.19,15.17,15.95,15.74,16.33,14.03,14.55
Punjab,Summer,25.06,26.48,27.66,27.83,27.38,28.01,26.52,28.54,26.14,26.91,27.53,27.37,27.54,29.44,27.35,26.96,27.45,25.89,26.63,28.1,28.16,28.4,26.74,26.22
Punjab,Monsoon,30.61,31.35,31.41,31.02,30.92,31.28,30.99,31.05,31.4,30.95,31.4,30.72,31.49,30.81,31.06,31.69,31.37,31.77,30.82,31.66,31.3,31.44,31.74,31.76
Punjab,Post Monsoon,18.06,19.72,20.79,20.9,20.85,20.64,19.55,19.95,19.64,20.43,19.9,20.86,20.11,20.31,20.79,19.82,20.49,19.98,20.64,21.43,20.74,19.95,19.38,19.88
Rajasthan,Jan,15.22,15.66,15.3,16.27,15.41,15.88,15.84,16.05,15.07,16.25,16.35,15.04,17.4,16.19,14.91,14.94,15.41,15.51,15.25,16.97,16.16,16.91,15.77,14.79
Rajasthan,Feb,18.31,18.63,19.42,17.51,19.46,18.55,18.95,19.57,17.9,21.62,19.64,17.24,20.69,19.97,19.16,17.64,18.88,18.01,20.22,20.12,20.39,20.66,18.06,19.42
Rajasthan,Mar,23.9,23.23,24.81,23.79,24.66,25.24,24.28,27.03,24.75,23.99,23.95,26.56,25.81,27.49,25.31,24.31,25.01,23.66,23.55,25.81,25.34,26.5,23.54,23.3
Rajasthan,Apr,27.98,30.37,30.83,31.69,29.75,31.19,30.76,31.7,29.23,28.93,31.78,29.64,30.34,32.83,29.42,29.75,29.7,29.47,30.06,31.13,31.63,31.33,31.21,29.94
Rajasthan,May,31.26,34.21,33.28,33.97,33.82,34.66,33.14,33.65,32.39,34.54,33.68,32.77,34.55,35.13,34.19,33.75,34.19,32.54,34.16,34.68,34.38,34.62,33.39,33.72
Rajasthan,Jun,31.52,33.9,32.78,33.13,32.02,33.91,33.99,32.83,34.21,32.72,33.51,32.26,34,33.9,33.38,34.25,32.92,34.77,33.01,34.49,32.99,33.77,34.74,33.23
Rajasthan,Jul,30.87,30.78,30.53,30.11,29.56,31.37,29.84,31.53,30.37,30.82,30.79,30.67,31.22,31.03,30.78,31.72,30.48,31.55,30.23,30.85,30.29,30.59,31.64,31.68
Rajasthan,Aug,28.75,29.98,29.12,29.62,29.23,29.72,29.02,28.83,29.55,28.74,29.71,28.72,30.35,29.3,29.23,29.06,28.84,29.99,29.43,28.99,29.82,29.58,29.49,29.94
Rajasthan,Sep,28.73,29.24,29.72,29.23,29.42,28.77,28.52,29.82,29.17,29.08,29.64,29.05,29.88,28.6,28.42,28.7,29.64,28.89,29.83,29.69,29.7,28.85,29.88,30.29
Rajasthan,Oct,24.96,27.27,27.57,28.25,28.04,27.94,26.86,26.13,26.9,27.75,26.77,28.15,27.37,28.1,27.28,26.85,27.7,27.73,28.11,27.73,28.51,27.89,27.03,27.92
Rajasthan,Nov,21.22,21.85,22.99,22.54,22.62,22.6,21.8,22.63,22.04,22.48,22.87,22.59,21.84,22.54,23.7,21.73,21.66,22.78,23.03,22.32,21.62,22.58,22.45,21.3
Rajasthan,Dec,15.57,17.37,17.68,18.08,18.38,18.34,17.33,18.32,16.45,17.59,16.96,18.74,18.3,16.51,17.74,17.71,17.44,16.52,17.59,18.78,17.79,16.92,15.98,17.42
Rajasthan,Annual,24.86,26.04,26.17,26.18,26.03,26.51,25.86,26.51,25.67,26.21,26.3,25.95,26.81,26.8,26.13,25.87,25.99,25.95,26.21,26.8,26.55,26.68,26.1,26.08
Rajasthan,Winter,16.77,17.15,17.36,16.89,17.44,17.22,17.4,17.81,16.49,18.94,18,16.14,19.05,18.08,17.04,16.29,17.15,16.76,17.74,18.55,18.28,18.79,16.92,17.11
Rajasthan,Summer,27.71,29.27,29.64,29.82,29.41,30.36,29.39,30.79,28.79,29.15,29.8,29.66,30.23,31.82,29.64,29.27,29.63,28.56,29.26,30.54,30.45,30.82,29.38,28.99
Rajasthan,Monsoon,29.97,30.98,30.54,30.52,30.06,30.94,30.34,30.75,30.83,30.34,30.91,30.18,31.36,30.71,30.45,30.93,30.47,31.3,30.63,31.01,30.7,30.7,31.44,31.29
Rajasthan,Post Monsoon,20.58,22.16,22.75,22.96,23.01,22.96,22,22.36,21.8,22.61,22.2,23.16,22.5,22.38,22.91,22.1,22.27,22.34,22.91,22.94,22.64,22.46,21.82,22.21
Sikkim,Jan,-4.46,-2.94,-3.4,-3.5,-2.02,-3.97,-3.53,-3.78,-2.97,-1.07,-1.83,-2.29,-1.46,-3.08,-3.32,-4.81,-3.66,-2.91,-3.37,-4.58,-2.81,-3.68,-3.21,-4.61
Sikkim,Feb,-3.29,-1.73,-0.12,-3.33,-0.33,-1.33,-2.91,-2.24,-1.37,0.9,-3.12,-2.99,-0.69,-1.72,-2.41,-2.08,-2.19,-2.31,-3.02,-1.31,-1.67,-1.74,-2.21,-2.44
Sikkim,Mar,1.23,0.17,2.77,0.12,0.63,1.6,0.81,3.84,2.31,1.92,2.17,1.85,1.9,3.57,1.81,1.74,1.73,1.13,1.03,1.73,0.19,1.03,0.3,0.73
Sikkim,Apr,2.82,4.65,6.74,4.71,4.37,4.68,5.28,4.64,4.77,4.19,5.42,5.75,6.48,6.55,4.57,4.57,4.68,5.42,3.53,5.02,4.28,3.7,4.72,3.45
Sikkim,May,7.06,8.95,8.52,7.91,7.42,7.25,6.92,8.65,6.89,8.15,9.25,8.27,7.75,8.51,8.01,8.48,8.21,8.32,7.92,7.32,7.82,7.05,8.23,6.88
Sikkim,Jun,9.88,11.75,10.95,10.92,10.28,10.77,10.16,10.46,11.14,11.1,10.87,10.44,11.35,11.76,10.68,11.62,11.57,11.32,11.12,10.92,10.72,11.12,11.22,10.92
Sikkim,Jul,11.18,11.17,10.68,11.12,11.48,11.39,11.1,10.25,11.66,12.23,11.56,11.23,12.38,12.24,11.3,11.38,11.68,11.63,11.53,11.26,11.63,11.63,11.43,11.63
Sikkim,Aug,11.06,10.97,10.42,10.71,11.04,10.87,11.9,11.39,11.67,11.51,11.69,10.94,11.64,11.74,10.94,11.52,11.03,10.87,11.02,11.72,11.45,11.42,11.72,11.82
Sikkim,Sep,8.67,9.99,9.53,8.77,9.97,9.24,10.03,10.11,10.2,9.9,10.03,9.74,10.33,10.08,10.14,9.73,9.34,9.43,10.33,9.73,10.13,10.23,9.83,9.83
Sikkim,Oct,3.61,7.8,5.98,6.11,6.3,5.26,6.75,4.99,5.85,5.63,7.44,5.39,6.75,6.64,5.65,4.77,5.6,5.52,5.74,6.82,6.22,4.52,5.62,7.03
Sikkim,Nov,0.88,2.96,2.02,2.25,1.85,1.69,2.31,0.45,1.7,1.85,1.86,1.76,2.48,3.08,1.17,0.63,0.93,1.55,1.4,1.9,1.99,0.92,2.7,1.47
Sikkim,Dec,-2.7,-1.56,-1.3,-1.34,-1.31,-1.18,-1.78,-0.79,-1.5,-0.25,-0.57,-0.28,-1.01,-1.73,-0.04,-1.21,-1.7,-1.2,-2.27,0.4,-0.3,-2.3,-2.9,-1.84
Sikkim,Annual,3.83,5.18,5.23,4.54,4.97,4.69,4.75,4.83,5.03,5.51,5.4,4.99,5.66,5.64,4.88,4.69,4.77,4.9,4.58,5.08,4.97,4.49,4.79,4.57
Sikkim,Winter,-3.88,-2.34,-1.76,-3.42,-1.18,-2.65,-3.22,-3.01,-2.17,-0.09,-2.48,-2.64,-1.08,-2.4,-2.87,-3.45,-2.93,-2.61,-3.2,-2.95,-2.24,-2.71,-2.71,-3.53
Sikkim,Summer,3.7,4.59,6.01,4.25,4.14,4.51,4.34,5.71,4.66,4.75,5.61,5.29,5.38,6.21,4.8,4.93,4.87,4.96,4.16,4.69,4.1,3.93,4.42,3.69
Sikkim,Monsoon,10.2,10.97,10.4,10.38,10.69,10.57,10.8,10.55,11.17,11.19,11.04,10.59,11.43,11.46,10.77,11.06,10.91,10.81,11,10.91,10.98,11.1,11.05,11.05
Sikkim,Post Monsoon,0.6,3.07,2.23,2.34,2.28,1.92,2.43,1.55,2.02,2.41,2.91,2.29,2.74,2.66,2.26,1.4,1.61,1.96,1.62,3.04,2.64,1.05,1.81,2.22
Tamil Nadu,Jan,24.79,26.13,24.67,25.11,25.22,25.36,25.1,25.31,25.49,24.75,25.33,25.22,25.16,25.61,25.04,25.13,25.52,25.21,25.21,25.71,25.31,25.07,25.1,26.11
Tamil Nadu,Feb,26.08,27.47,26.39,26.42,26.48,26.32,26.77,26.22,26.76,26.1,26.38,26.47,26.7,26.93,26.16,26.52,26.55,26.36,26.25,27.4,26.28,26.51,27.11,27.26
Tamil Nadu,Mar,28.09,29,28.54,27.97,28.59,28.43,28.24,28.55,28.65,28.23,28.29,27.25,28.45,29.23,28.18,28.69,28.38,28.2,28.21,29.23,28.57,28.45,28.94,28.76
Tamil Nadu,Apr,29.28,30.7,29.66,30.1,29.53,30.02,29.98,30.2,29.34,30.07,29.81,29.12,30.12,30.73,29.26,30.24,30.48,30.23,29.33,31.12,30.82,30.14,30.91,30.28
Tamil Nadu,May,30.33,30.89,29.19,30.38,30.59,30.54,30.77,28.95,30.33,30.03,30.61,30.44,30.38,30.54,30.19,30.62,30.54,30.31,30.09,30.32,30.58,29.88,30.99,30.76
Tamil Nadu,Jun,29.72,29.98,28.62,28.6,28.89,29.27,29.95,28.81,29.56,29.28,28.97,29.02,29.45,29.33,29.34,29.67,28.62,30.31,29.18,28.87,29.34,29.2,30.36,29.66
Tamil Nadu,Jul,28.82,28.53,28.04,28.19,28.57,29.09,28.42,28.3,28.4,28.74,28.46,28.36,28.69,28.05,28.52,28.78,27.79,28.99,29.01,28.62,29.05,28.59,29,28.43
Tamil Nadu,Aug,28.43,28.06,28.07,27.48,27.95,28.16,28.26,28.54,28.48,28.16,27.86,27.82,28.56,28.04,28.22,27.96,27.83,28.14,28.62,28.69,28.29,28.03,28.27,28.2
Tamil Nadu,Sep,27.87,27.91,28.11,27.86,28.12,28.65,28.47,27.54,27.91,28.02,27.69,27.89,28.16,27.8,28.17,28.27,27.73,28.2,28.28,28.14,28.01,28.23,27.98,27.76
Tamil Nadu,Oct,27.09,27.17,26.81,27.12,27.08,27.15,27.35,26.81,27.02,27.09,26.97,27.16,27.53,27.46,27.89,27.34,27.5,27.3,27.57,27.98,27.83,27.54,27.06,27.73
Tamil Nadu,Nov,26.14,26.23,25.93,26.06,26.27,25.73,25.77,25.7,25.06,26.01,25.85,26.07,26.24,26.09,26.03,26.38,26.38,25.83,26.02,26.21,26.31,26.42,26.81,26.52
Tamil Nadu,Dec,25.89,24.8,24.77,24.71,24.96,24.9,25.1,24.91,24.73,25.27,25.07,25.33,25.47,24.74,25.22,25.54,25.11,25.1,25.82,25.44,25.47,25.78,25.62,25.34
Tamil Nadu,Annual,27.71,28.07,27.4,27.5,27.69,27.8,27.85,27.49,27.64,27.65,27.61,27.51,27.91,27.88,27.69,27.93,27.7,27.85,27.8,28.15,27.99,27.82,28.18,28.07
Tamil Nadu,Winter,25.44,26.8,25.53,25.77,25.85,25.84,25.94,25.77,26.13,25.43,25.86,25.85,25.93,26.27,25.6,25.83,26.04,25.79,25.73,26.56,25.8,25.79,26.11,26.69
Tamil Nadu,Summer,29.23,30.2,29.13,29.48,29.57,29.66,29.66,29.23,29.44,29.44,29.57,28.94,29.65,30.17,29.21,29.85,29.8,29.58,29.21,30.22,29.99,29.49,30.28,29.93
Tamil Nadu,Monsoon,28.71,28.62,28.21,28.03,28.38,28.79,28.78,28.3,28.59,28.55,28.25,28.27,28.72,28.31,28.56,28.67,27.99,28.91,28.77,28.58,28.67,28.51,28.9,28.51
Tamil Nadu,Post Monsoon,26.37,26.07,25.84,25.96,26.1,25.93,26.07,25.81,25.6,26.12,25.96,26.19,26.41,26.1,26.38,26.42,26.33,26.08,26.47,26.54,26.54,26.58,26.5,26.53
Tripura,Jan,17.54,17.16,18.5,17.34,19.06,18.28,17.74,17.94,18.47,19.27,18.84,18.73,19.9,18.35,17.71,16.44,16.82,18.83,19.14,16.47,18.72,17.09,18.83,16.65
Tripura,Feb,19.17,20.77,22.28,19.55,21.71,21.43,20.37,20.31,21.48,22.74,19.87,19.09,22.09,21.17,20.75,19.38,20.29,19.79,19.78,21.19,20.48,20.21,20,20.04
Tripura,Mar,24.72,23.31,25.7,23.63,24.73,25.03,23.53,26.05,25.17,25.65,24.44,24.83,25.13,26.03,24.83,24.93,24.75,23.93,24.28,25.13,22.83,24.62,23.69,24.01
Tripura,Apr,25.06,26.66,28.59,26.39,27.24,26.6,26.9,26.5,27.09,26.7,26.9,27.4,27.85,27.78,26.79,25.64,26.47,27.69,25.59,26.98,25.6,25.78,26.34,25.97
Tripura,May,27.52,28.03,27.04,26.73,27.03,26.86,27.24,27.97,27.34,27.44,27.55,27.51,27.74,28.05,27.42,27.94,26.33,27.91,27.54,26.94,27.77,26.34,27.95,26.98
Tripura,Jun,27.45,28.44,27.86,27.44,27.25,27.55,27.34,27.61,28.25,27.62,27.61,27.05,28.25,27.66,27.85,27.49,28.23,27.45,27.37,28.14,27.56,27.66,28.34,27.64
Tripura,Jul,27.52,27.55,27.51,27.81,27.81,27.37,27.71,27.03,27.87,28.26,27.67,27.7,28.32,28.15,27.9,27.42,27.82,28.02,27.32,27.47,27.6,27.9,27.86,27.82
Tripura,Aug,27.92,27.73,27.4,27.56,27.99,27.47,28.45,28.07,28.13,28.26,28.37,27.57,28.07,28.47,27.67,28.17,27.51,27.43,27.53,28.13,27.87,28.22,28.43,28.12
Tripura,Sep,27.19,28.48,27.39,27.09,28.25,27.72,28.38,27.83,28.01,28.15,27.86,28.26,28.61,28.23,28.4,27.4,27.57,27.5,27.7,27.98,27.79,27.98,27.68,28.09
Tripura,Oct,26.04,28.3,26.85,26.54,26.89,26.42,27.52,25.88,26.62,26.92,27.75,26.52,27.42,27.44,27.22,25.74,25.93,26.24,26.32,27.03,26.45,25.34,26.34,27.62
Tripura,Nov,23.51,24.66,23.26,23.16,23.9,23.58,23.4,22.74,22.96,23.35,23.54,23.12,24,24.61,23.02,22.74,21.68,22.28,22.53,22.73,23.54,21.87,23.2,22.75
Tripura,Dec,18.59,19.76,20.1,18.92,19.76,19.96,19.01,20.12,19.87,20.43,19.92,20.66,19.9,19.55,20.24,19.46,18.21,19.08,18.14,21.04,20.22,18.59,17.95,18.41
Tripura,Annual,24.35,25.07,25.21,24.35,25.14,24.86,24.8,24.84,25.11,25.4,25.02,24.87,25.6,25.46,24.98,24.4,24.3,24.68,24.44,24.94,24.7,24.3,24.72,24.51
Tripura,Winter,18.36,18.97,20.39,18.45,20.39,19.86,19.06,19.13,19.98,21.01,19.36,18.91,21,19.76,19.23,17.91,18.56,19.31,19.46,18.83,19.6,18.65,19.42,18.35
Tripura,Summer,25.77,26,27.11,25.58,26.33,26.16,25.89,26.84,26.53,26.6,26.3,26.58,26.91,27.29,26.35,26.17,25.85,26.51,25.8,26.35,25.4,25.58,25.99,25.65
Tripura,Monsoon,27.52,28.05,27.54,27.48,27.83,27.53,27.97,27.64,28.07,28.07,27.88,27.65,28.31,28.13,27.96,27.62,27.78,27.6,27.48,27.93,27.71,27.94,28.08,27.92
Tripura,Post Monsoon,22.71,24.24,23.4,22.87,23.52,23.32,23.31,22.91,23.15,23.57,23.74,23.43,23.77,23.87,23.49,22.65,21.94,22.53,22.33,23.6,23.4,21.93,22.5,22.93
Uttar Pradesh,Jan,14.98,15.03,15.22,16.44,15.9,15.73,15.83,15.58,15.88,17.2,16.35,16.27,17.47,15.26,15.05,14.71,14.95,15.54,14.9,16.59,16.06,16.59,15.3,14.54
Uttar Pradesh,Feb,17.46,18.55,19.66,17.22,19.54,18.95,18.6,18.97,18.79,21.49,18.62,17.68,20.5,19.36,19.11,18.63,18.03,17.57,19.49,20.22,19.85,20.24,18.13,18.44
Uttar Pradesh,Mar,24.17,22.48,25.24,23.27,24.12,24.86,23.67,26.69,25.09,23.71,23.94,25.86,25.3,26.63,24.85,24.34,24.54,23.3,23.03,25.67,24.59,25.64,23.31,23.07
Uttar Pradesh,Apr,28.13,29.6,30.91,31.13,29.36,30.87,30.75,31.51,29.4,29.69,31.35,29.54,30.78,32.59,29.33,29.94,29.7,29.33,28.91,31.33,31.09,30.36,30.77,29.34
Uttar Pradesh,May,31.34,33.71,33,33.17,33.06,34.04,32.68,33.45,31.98,33.4,33.07,32.44,33.55,34.09,33.51,33.71,34.14,32.4,33.75,33.58,33.45,33.55,33.23,32.74
Uttar Pradesh,Jun,32.49,34.2,32.63,32.21,31.75,33.63,34.28,32.17,34.6,32.8,33.13,31.67,34.24,34.04,32.24,35.13,32.37,34.35,33.09,34.06,33.01,33.41,34.53,32.42
Uttar Pradesh,Jul,30.18,30.27,29.92,29.95,29.8,31.48,30.07,30.77,29.86,29.96,30.34,29.57,30.76,31.03,30.28,30.62,30.11,30.7,29.93,30.09,30.04,30.19,30.64,30.96
Uttar Pradesh,Aug,29.03,29.41,29.28,29.69,29.84,29.44,29.58,29.25,29.95,29.27,29.85,29.14,30.28,29.82,29.39,29.18,29.1,30.02,29.62,29.53,29.9,29.51,29.42,29.71
Uttar Pradesh,Sep,28.65,29.12,29.02,28.9,29.65,28.3,28.75,29.97,29.29,29.15,29.69,28.9,29.06,29.15,29.03,29.21,29.49,29,29.77,29.58,29.68,28.68,29.31,30.13
Uttar Pradesh,Oct,24.78,27.05,26.98,27.85,27.7,27.01,26.84,26.11,26.56,27.47,27.07,27.28,26.91,27.56,26.95,26.28,26.77,26.83,27.54,27.31,27.84,27.13,26.37,27.71
Uttar Pradesh,Nov,20.82,22.28,22.84,22.86,22.69,22.3,22.23,21.89,21.8,22.5,22.45,22.72,22.3,23.35,22.87,21.14,21.1,22.32,22.85,22.27,21.77,22,22.52,21.21
Uttar Pradesh,Dec,15.4,17.15,17.39,17.69,17.73,18.26,17.2,18.17,16.45,17.76,17.06,18.63,17.89,16.73,17.62,17.26,17.12,16.4,17.26,18.42,17.8,16.13,15.29,17.11
Uttar Pradesh,Annual,24.79,25.74,26.01,25.87,25.93,26.24,25.87,26.21,25.81,26.2,26.08,25.81,26.59,26.63,25.85,25.85,25.62,25.65,25.85,26.56,26.26,26.12,25.74,25.62
Uttar Pradesh,Winter,16.22,16.79,17.44,16.83,17.72,17.34,17.22,17.28,17.34,19.35,17.49,16.98,18.99,17.31,17.08,16.67,16.49,16.56,17.2,18.41,17.96,18.42,16.72,16.49
Uttar Pradesh,Summer,27.88,28.6,29.72,29.19,28.85,29.92,29.03,30.55,28.82,28.93,29.45,29.28,29.88,31.1,29.23,29.33,29.46,28.34,28.56,30.19,29.71,29.85,29.1,28.38
Uttar Pradesh,Monsoon,30.09,30.75,30.21,30.19,30.26,30.71,30.67,30.54,30.93,30.3,30.75,29.82,31.09,31.01,30.24,31.04,30.27,31.02,30.6,30.82,30.66,30.45,30.98,30.81
Uttar Pradesh,Post Monsoon,20.33,22.16,22.4,22.8,22.71,22.52,22.09,22.06,21.6,22.58,22.19,22.88,22.37,22.55,22.48,21.56,21.66,21.85,22.55,22.67,22.47,21.75,21.39,22.01
Uttarakhand,Jan,4.41,4.23,4.73,5.78,5.04,5.22,5.21,5.31,4.69,6.45,5.63,5.21,6.73,4.75,4.09,4.13,3.95,5.05,4.85,6.29,5.7,6.91,4.84,4.18
Uttarakhand,Feb,5.98,6.87,8.15,5.17,8.01,6.89,6.75,7.57,6.51,10.13,7.17,5.9,8.66,7.73,7.36,6.59,5.76,5.87,8.2,8.74,8.9,9.07,6.19,7.32
Uttarakhand,Mar,11.19,9.61,12.27,10.38,11.51,11.94,10.76,14.2,12.08,11.27,10.85,13.47,12.48,14.27,11.72,11.64,12.06,10.48,10.35,13.07,12.41,13.72,10.5,10.6
Uttarakhand,Apr,14.76,15.98,17.19,17.5,15.94,17.28,16.83,18.1,15.59,15.68,18.27,15.6,16.83,19.11,15.63,16.05,16.17,15.44,15.96,17.82,17.85,17.45,17.51,15.89
Uttarakhand,May,16.94,19.66,19.25,20.41,19.81,20.29,18.13,19.58,17.73,20.35,19.24,18.46,19.7,20.1,20.25,19.7,20.21,18.56,19.85,20.26,19.74,19.74,18.89,18.96
Uttarakhand,Jun,19.09,20.76,19.86,19.84,19.49,20.64,21.16,19.16,21.29,19.68,20.41,19.97,20.71,20.62,19.82,22.05,20.27,21.49,19.84,21.48,19.73,20.85,20.9,20.06
Uttarakhand,Jul,20.04,19.97,19.65,19.34,19.69,20.84,19.41,20.24,19.26,19.9,20.16,19.57,20.24,20.15,19.83,20.81,20.07,20.34,19.22,19.98,19.98,19.89,19.93,20.42
Uttarakhand,Aug,18.78,19.49,19.48,19.58,20.15,19.71,19.45,19.26,20.15,19.38,20.04,18.91,20.43,19.6,19.48,19.39,19.3,20.13,19.61,19.56,20.03,19.94,19.63,20.16
Uttarakhand,Sep,17.89,18.08,18.69,18.06,18.26,16.72,17.93,18.81,18.41,17.89,18.56,17.43,17.65,17.91,18.19,18.25,18.45,17.96,18.47,18.92,18.76,17.87,19.02,19.26
Uttarakhand,Oct,12.44,14.73,15.36,15.92,15.86,15.05,14.89,13.76,14.75,15.53,14.94,15.49,15.04,15.69,15.26,14.21,15.72,15.15,15.64,16.13,16.42,15.03,14.87,15.79
Uttarakhand,Nov,9.04,10.28,11.76,11.53,11.27,11.15,10.24,10.64,10.52,11.27,11.06,11.4,10.72,11.78,12.07,10.26,10.14,11.1,11.64,11.63,10.59,10.69,11.2,9.81
Uttarakhand,Dec,5.45,6.73,7.71,7.88,7.83,8.18,7.05,8.22,6.36,7.38,6.87,8.54,7.79,6.72,7.82,7.27,7.45,6.7,7.6,9.23,8.34,6.53,5.14,7.18
Uttarakhand,Annual,13,13.87,14.51,14.28,14.4,14.49,13.99,14.57,13.95,14.58,14.43,14.16,14.75,14.87,14.29,14.2,14.13,14.02,14.27,15.26,14.87,14.81,14.05,14.14
Uttarakhand,Winter,5.2,5.55,6.44,5.48,6.53,6.06,5.98,6.44,5.6,8.29,6.4,5.56,7.7,6.24,5.73,5.36,4.86,5.46,6.53,7.52,7.3,7.99,5.52,5.75
Uttarakhand,Summer,14.3,15.08,16.24,16.1,15.75,16.5,15.24,17.29,15.13,15.77,16.12,15.84,16.34,17.83,15.87,15.8,16.15,14.83,15.39,17.05,16.67,16.97,15.63,15.15
Uttarakhand,Monsoon,18.95,19.58,19.42,19.21,19.4,19.48,19.49,19.37,19.78,19.21,19.79,18.97,19.76,19.57,19.33,20.13,19.52,19.98,19.29,19.99,19.63,19.64,19.87,19.98
Uttarakhand,Post Monsoon,8.98,10.58,11.61,11.78,11.65,11.46,10.73,10.87,10.54,11.39,10.96,11.81,11.18,11.4,11.72,10.58,11.1,10.98,11.63,12.33,11.78,10.75,10.4,10.93
West Bengal,Jan,18.02,18.03,19,18.16,19.57,18.8,18.34,18.35,19.19,20.06,19.46,19.51,20.63,18.55,18.44,17.06,17.89,19.02,19.42,17.44,19.23,17.52,19,17.22
West Bengal,Feb,20.08,21.7,22.9,20.17,22.4,22.09,21.35,21.39,22.37,24.02,21.05,20.45,23.09,22.15,21.57,20.72,20.96,20.58,20.72,22.32,21.48,21.6,20.87,20.83
West Bengal,Mar,26.03,24.63,27.1,25.01,25.86,26.6,25.36,27.88,26.96,26.73,26.16,26.67,26.79,27.93,26.53,26.46,26.15,25.33,25.47,26.51,24.38,25.94,24.9,25.18
West Bengal,Apr,27.25,28.94,30.99,28.76,29.23,29.15,29.74,29.31,29.37,29,29.83,29.93,30.8,30.98,29.08,28.36,28.91,30.05,27.93,29.58,28.32,27.98,28.66,28.15
West Bengal,May,29.94,30.68,29.9,29.45,29.98,29.98,29.97,30.98,29.79,30.37,30.82,30.39,30.31,30.67,30.17,30.61,29.32,30.59,30.27,29.58,30.33,28.94,30.59,29.34
West Bengal,Jun,29.8,30.86,29.89,29.39,29.09,29.9,29.98,29.57,30.61,29.81,29.86,28.99,30.62,30.28,29.71,30.36,30.04,29.73,29.83,30.08,29.87,29.92,30.51,29.71
West Bengal,Jul,28.46,28.6,28.32,28.73,28.55,28.71,28.78,28.26,28.73,28.94,28.64,28.23,29.3,29.47,28.81,28.54,28.87,28.91,28.37,28.46,28.48,28.8,29.02,28.89
West Bengal,Aug,28.48,28.5,28.16,28.43,28.74,28.38,29.15,28.8,29.01,28.8,29.17,28.53,29.02,29.27,28.47,28.78,28.16,28.34,28.44,28.95,28.67,28.92,28.93,28.85
West Bengal,Sep,27.78,28.86,27.98,27.65,28.89,28.27,28.78,28.73,28.58,28.71,28.75,28.58,28.97,28.88,28.53,28.12,28.26,28.15,28.46,28.49,28.54,28.64,28.23,28.63
West Bengal,Oct,26.1,28.8,27.21,27.1,27.74,27.05,27.81,26.55,27.11,27.54,28.1,27.02,27.71,28.02,27.31,26.12,26.45,26.63,26.93,27.53,26.94,25.94,26.68,27.91
West Bengal,Nov,23.5,24.69,23.47,23.57,24.22,23.68,23.94,22.92,23.25,23.89,23.93,23.74,24.38,25.14,23.38,22.67,22,22.46,22.94,22.94,23.54,22.28,23.41,22.92
West Bengal,Dec,18.5,19.64,20.14,19.23,19.68,19.99,18.89,20.24,19.76,20.67,20.14,20.74,20.02,19.54,20.24,19.55,18.59,18.9,18.53,20.92,20.06,18.56,17.94,18.47
West Bengal,Annual,25.33,26.16,26.26,25.47,26.16,26.05,26.01,26.08,26.23,26.55,26.33,26.07,26.8,26.74,26.02,25.62,25.47,25.73,25.61,26.07,25.82,25.42,25.73,25.51
West Bengal,Winter,19.05,19.87,20.95,19.17,20.99,20.45,19.85,19.87,20.78,22.04,20.26,19.98,21.86,20.35,20.01,18.89,19.43,19.8,20.07,19.88,20.36,19.56,19.94,19.03
West Bengal,Summer,27.74,28.08,29.33,27.74,28.36,28.58,28.36,29.39,28.71,28.7,28.94,29,29.3,29.86,28.59,28.48,28.13,28.66,27.89,28.56,27.68,27.62,28.05,27.56
West Bengal,Monsoon,28.63,29.21,28.59,28.55,28.82,28.82,29.17,28.84,29.23,29.07,29.11,28.58,29.48,29.48,28.88,28.95,28.83,28.78,28.78,29,28.89,29.07,29.17,29.02
West Bengal,Post Monsoon,22.7,24.38,23.61,23.3,23.88,23.57,23.55,23.24,23.37,24.03,24.06,23.83,24.04,24.23,23.64,22.78,22.35,22.66,22.8,23.8,23.51,22.26,22.68,23.1
